author/uri/label,author/name/label,author/label,updated/label,im:rating/label,im:version/label,id/label,title/label,content/label,content/attributes/type,link/attributes/rel,link/attributes/href,im:voteSum/label,im:contentType/attributes/term,im:contentType/attributes/label,im:voteCount/label
https://itunes.apple.com/cn/reviews/id602563099,å‘¨æœ«å¤šäº‘,,2023-01-07T19:05:47-07:00,1,7.42.0,9483457451,æ›´æ–°åä¸å¥½ç”¨äº†,æ›´æ–°çš„keepçœŸçš„å¥½éš¾ç”¨å•Šï¼åˆé›†åŠŸèƒ½è¿™ä¹ˆéšè”½ï¼Œè¿˜æ— æ³•æ›´æ¢é¡ºåºï¼Œå“ªä¸ªå¤©æ‰æ›´æ–°çš„å•Šï¼,text,related,https://itunes.apple.com/cn/review?id=952694580&type=Purple%20Software,0,Application,ç¨‹åº,0
https://itunes.apple.com/cn/reviews/id1191087207,å—¯å“¼ ç¦»è°±,,2023-01-07T17:31:57-07:00,5,7.42.0,9483221468,å‡ºä¸ªipadç‰ˆhdçš„å§ï¼Œæ±‚æ±‚æ±‚æ±‚äº†,ä¸€ç›´æœ‰åœ¨ç”¨ï¼Œä½†æ˜¯å¹³æ—¶æ‰‹æœºæ”¾ç‘œä¼½å«ä¸å®¹æ˜“çœ‹ï¼Œå¹³æ¿èƒ½ç«‹ä½å±å¹•å¤§ã€‚æ±‚å‡ºæ¨ªç‰ˆ,text,related,https://itunes.apple.com/cn/review?id=952694580&type=Purple%20Software,0,Application,ç¨‹åº,0
https://itunes.apple.com/cn/reviews/id399827928,Vaeè®¸å°é»˜,,2023-01-07T16:26:58-07:00,1,7.42.0,9483064118,æˆ‘çœŸæœäº†ï¼Œç°åœ¨è·³ç»³çš„è¯¾ç¨‹ä¹Ÿè¦ä»˜è´¹,88å¸è½½äº†,text,related,https://itunes.apple.com/cn/review?id=952694580&type=Purple%20Software,0,Application,ç¨‹åº,0
https://itunes.apple.com/cn/reviews/id495976091,Andyç¬›ç¬›,,2023-01-07T02:38:04-07:00,1,7.42.0,9480822551,è¶Šæ›´æ–°è¶Šéš¾ç”¨ï¼Œä½ ä»¬å…¬å¸æ²¡æœ‰äº§å“ç»ç†äº†ï¼Ÿ,è¯¾ç¨‹åŠŸèƒ½è¶Šæ›´æ–°è¶Šæ··ä¹±ï¼Œåˆ†ç±»ä¸‹é¢æœ‰çš„èƒ½ç­›é€‰æœ‰çš„ä¸èƒ½ï¼Œä½¿ç”¨é¢‘ç‡æœ€é«˜çš„å¡‘å½¢è®­ç»ƒä¸­è¿è¯¾ç¨‹éƒ½çœ‹ä¸è§å‡ ä¸ªï¼Œå®¢æœä¹Ÿæ˜¯ä¸€é—®ä¸‰ä¸çŸ¥ã€‚è¯·é—®ä½ ä»¬æ˜¯æƒ³æŠŠè¿™ä¸ªAppç©æ­»ï¼Ÿ,text,related,https://itunes.apple.com/cn/review?id=952694580&type=Purple%20Software,1,Application,ç¨‹åº,1
https://itunes.apple.com/cn/reviews/id1461552495,é¡½çŠ¬ï¼ˆæ¸¸æˆçœŸåï¼‰,,2023-01-06T06:00:12-07:00,5,7.42.0,9477749769,è€å¸ˆè®©ä¸‹çš„,ç”¨äº†ä¸¤å¤©è¿˜è¡Œ,text,related,https://itunes.apple.com/cn/review?id=952694580&type=Purple%20Software,0,Application,ç¨‹åº,0
https://itunes.apple.com/cn/reviews/id340091390,å®‡æ–‡é’é˜³,,2023-01-05T06:08:13-07:00,1,7.42.0,9474083380,ä¸€å †æ‚ä¸ƒæ‚å…«çš„è¯¾ç¨‹,åƒåœ¾,text,related,https://itunes.apple.com/cn/review?id=952694580&type=Purple%20Software,0,Application,ç¨‹åº,1
https://itunes.apple.com/cn/reviews/id1484756927,Ap333333333,,2023-01-04T02:43:10-07:00,1,7.42.0,9469697829,åƒåœ¾,åƒåœ¾è½¯ä»¶ã€‚é å¥–ç‰Œèµšé’±ï¼Œåæ¶ˆè´¹è€…çš„é’±ä¸é€€æ¬¾ã€‚,text,related,https://itunes.apple.com/cn/review?id=952694580&type=Purple%20Software,0,Application,ç¨‹åº,0
https://itunes.apple.com/cn/reviews/id307717471,å…ˆç”Ÿ2873,,2023-01-04T02:37:20-07:00,4,7.42.0,9469683201,å°ç»„ä»¶ä¸€ç›´æœªä¼˜åŒ–,è½¯ä»¶æœ¬èº«è¿˜æ˜¯æŒºå¥½çš„ï¼Œä½†æ˜¯å°ç»„ä»¶ä¸€ç›´æ²¡æœ‰æ›´æ–°ä¼˜åŒ–ï¼Œçœ‹ä»ä½¿ç”¨è‡³ä»Šçš„ç´¯è®¡æ•°æ®æ„ä¹‰ä¸å¤§ï¼Œå»ºè®®ä»å¹´ï¼Œæœˆï¼Œå‘¨ï¼Œæ—¥æ•°æ®å‡ºå‘ï¼Œç‰¹åˆ«æ˜¯æ¯æ—¥è¿åŠ¨è®¡åˆ’èƒ½ä»¥å°ç»„ä»¶çš„å½¢å¼å½¢æˆå°±æœ€å¥½äº†ã€‚,text,related,https://itunes.apple.com/cn/review?id=952694580&type=Purple%20Software,0,Application,ç¨‹åº,0
https://itunes.apple.com/cn/reviews/id1484722919,ä¸€å°è¯€åˆ«ä¿¡,,2023-01-04T00:26:36-07:00,1,7.42.0,9469368328,123,åƒåœ¾çš„ä¸è¡Œï¼Œä¸€ä¸ªå¥–ç‰Œæ‹–äº†ä¸¤ä¸ªæœˆæ²¡æ”¶åˆ°,text,related,https://itunes.apple.com/cn/review?id=952694580&type=Purple%20Software,0,Application,ç¨‹åº,0
https://itunes.apple.com/cn/reviews/id288607935,å–„è‰¯çš„å‡¯æ‹‰,,2023-01-03T15:53:51-07:00,1,7.42.0,9468106688,è¯¾ç¨‹ä¸€ç›´åŠ è½½ä¸­ è¿›ä¸å»,æ›´æ–°åˆ°æœ€æ–°ç‰ˆæœ¬ä¹Ÿè¿™æ · çƒ¦æ­»äº†,text,related,https://itunes.apple.com/cn/review?id=952694580&type=Purple%20Software,0,Application,ç¨‹åº,0
https://itunes.apple.com/cn/reviews/id1081299920,åˆ†åˆ†åˆåˆvæ²¡é å©§ç¥GV,,2023-01-03T15:26:23-07:00,2,7.42.0,9468042084,è€ç”¨æˆ·ä¸å†ç”¨keepäº†ï¼Œå¿ƒè·¯å†ç¨‹å¦‚ä¸‹,"çœ‹åˆ°keepæ‰‹ç¯çš„æ¨å¹¿â†’æ‰“ç®—ä¹°ä¸ªè¿åŠ¨æ‰‹ç¯â†’çœ‹æµ‹è¯„ï¼Œkeepæ‰‹ç¯æ‹‰èƒ¯â†’æµ‹è¯„åŒºæ¸…ä¸€è‰²çš„keepæ— è„‘å¹¿å‘Šâ†’æ‰“ç®—è´­å…¥å°ç±³â†’å‘ç°appè¿ä¸äº†å°ç±³â†’è¢«å½»åº•æ¶å¿ƒåˆ°ï¼Œå¼ƒappä¸ç”¨
è¯„ä»·æ˜¯ï¼šçŸ¥é“è‡ªå·±ç¡¬ä»¶æ‹‰èƒ¯ï¼Œå°±åˆ«è¿™ä¹ˆæ ¼å±€ä½",text,related,https://itunes.apple.com/cn/review?id=952694580&type=Purple%20Software,0,Application,ç¨‹åº,0
https://itunes.apple.com/cn/reviews/id1484348124,å¯é¥¿æ®ä¸æƒ³çœ‹äº†çœ‹ä½ çœ‹æˆ‘æ€ä¹ˆä¼šæ¥æ‰¾å‡ºåŸå› ,,2023-01-03T00:55:24-07:00,1,7.42.0,9465622607,æ ¹æœ¬æ²¡æ³•ç”¨,ä¸€ç›´åœ¨ç™»å½•ä¸Šå‡ºé—®é¢˜ï¼Œä¸€ç›´ç‚¹ä¸è¿›å»ï¼,text,related,https://itunes.apple.com/cn/review?id=952694580&type=Purple%20Software,0,Application,ç¨‹åº,0
https://itunes.apple.com/cn/reviews/id1484326918,12232883,,2023-01-02T23:35:47-07:00,1,7.42.0,9465425057,åƒåœ¾è½¯ä»¶,åœ¨æˆ‘ä¸çŸ¥é“çš„æƒ…å†µä¸‹ï¼Œä¸€ç›´ç»­è´¹ä¼šå‘˜ï¼Œç»­è´¹äº†åŠå¹´ï¼ŒçœŸæ— è¯­,text,related,https://itunes.apple.com/cn/review?id=952694580&type=Purple%20Software,0,Application,ç¨‹åº,0
https://itunes.apple.com/cn/reviews/id170814654,é£æ´›æ™¨,,2023-01-02T14:23:09-07:00,3,7.42.0,9463937254,æ¾³å¤§åˆ©äºšæ— æ³•æ”¶åˆ°éªŒè¯ç ,è¯·å°½å¿«ä¿®å¤ï¼ä¸ç»‘å®šæ— æ³•å‘å¸ƒä»»ä½•åŠ¨æ€ï¼Œä¸¥é‡å½±å“ä½¿ç”¨ä½“éªŒ,text,related,https://itunes.apple.com/cn/review?id=952694580&type=Purple%20Software,0,Application,ç¨‹åº,0
https://itunes.apple.com/cn/reviews/id1436586050,666å¥½çƒ¦,,2023-01-02T10:37:32-07:00,1,7.42.0,9463330801,ä¸æ”¶é’±,èƒ½ä¸èƒ½ä¸æ”¶é’± æˆ‘ä»¬å­¦ç”Ÿå…šæ²¡æœ‰å¤ªå¤šé’±,text,related,https://itunes.apple.com/cn/review?id=952694580&type=Purple%20Software,0,Application,ç¨‹åº,0
https://itunes.apple.com/cn/reviews/id1122366237,ã…›í˜¸í•˜ã…“ã„·êµ¬ã…¡ã…ã…‘ã…•,,2023-01-01T20:08:21-07:00,5,7.42.0,9460927772,111,æ„Ÿè§‰å¾ˆå¥½,text,related,https://itunes.apple.com/cn/review?id=952694580&type=Purple%20Software,0,Application,ç¨‹åº,0
https://itunes.apple.com/cn/reviews/id493328454,ä¸â•ğŸ‰‘ï¸,,2023-01-01T20:03:13-07:00,1,7.42.0,9460914947,å› ä¸ºå¤ªå­ å¼ƒäº†,ç”¨äº†å¥½å‡ å¹´äº†ï¼Œ2023äº†è¿˜åšæŒç”¨å¤ªå­ä»£è¨€ï¼Œä¸å¥½æ„æ€æ»šå§,text,related,https://itunes.apple.com/cn/review?id=952694580&type=Purple%20Software,0,Application,ç¨‹åº,0
https://itunes.apple.com/cn/reviews/id1483735007,120663794885773862696379,,2023-01-01T10:19:19-07:00,1,7.42.0,9459483419,æ— è¯­ğŸ˜“,æ— è¯­,text,related,https://itunes.apple.com/cn/review?id=952694580&type=Purple%20Software,0,Application,ç¨‹åº,0
https://itunes.apple.com/cn/reviews/id1378252488,keepå‘äº†æˆ‘é’±,,2023-01-01T06:53:01-07:00,1,7.42.0,9458894647,æˆ‘æ— ç¼˜æ— æ•…æ‰£äº†é’±,è‡ªåŠ¨ç»­è´¹å‘äº†æˆ‘äº”å…­åè¿˜å¥½å‘ç°çš„æ—©,text,related,https://itunes.apple.com/cn/review?id=952694580&type=Purple%20Software,0,Application,ç¨‹åº,0
https://itunes.apple.com/cn/reviews/id1483471259,ä¹ä¹#666,,2022-12-31T17:37:11-07:00,1,7.42.0,9456925051,æ³¨å†Œæ‰“å¼€ç™»å…¥å„ä¸ªæ­¥éª¤å¡çš„æ²¡åŠ¨,æ³¨å†Œæ‰“å¼€ç™»å…¥å„ä¸ªæ­¥éª¤å¡çš„æ²¡åŠ¨ï¼Œè¿™ä¹ˆå¤§çš„BUGéƒ½æ²¡å¤„ç†,text,related,https://itunes.apple.com/cn/review?id=952694580&type=Purple%20Software,0,Application,ç¨‹åº,0
https://itunes.apple.com/cn/reviews/id1261829193,æ¯”å·´åœå§,,2022-12-30T15:53:36-07:00,1,7.42.0,9453056064,å¤ªè´¹ç”µäº†,ç–¯äº†å—ï¼Œå¼€éƒ½æ²¡å¼€ï¼Œæˆ‘ç¡äº†ä¸€è§‰ç”µæ± ç”µé‡å°±åˆ°9%äº†ï¼Œkeepåå°å äº†97%,text,related,https://itunes.apple.com/cn/review?id=952694580&type=Purple%20Software,0,Application,ç¨‹åº,0
https://itunes.apple.com/cn/reviews/id1034065203,è¡¿ç”Ÿæƒœæ—¥,,2022-12-30T08:38:01-07:00,1,7.42.0,9451970263,è®¾å®šçš„è®¡åˆ’æœ‰ç‚¹ä¹±æ¥,æˆ‘æ˜¯çœŸæƒ³ä¸æ‡‚æˆ‘å°±æƒ³ç»ƒä¸‹è…¹è‚Œï¼Œæ€ä¹ˆè®¡åˆ’ä¸€ç›´éƒ½æ˜¯ä¸Šè‚¢çš„ï¼Œæœ‰ç—…å§,text,related,https://itunes.apple.com/cn/review?id=952694580&type=Purple%20Software,0,Application,ç¨‹åº,0
https://itunes.apple.com/cn/reviews/id561157225,æ©˜å­å¨±ä¹æ–°é—»,,2022-12-30T08:14:50-07:00,1,7.42.0,9451901218,è¿åŠ¨ä¸é¥®é£Ÿï¼Œé¥®é£Ÿæ¶ˆå¤±äº†,ä»¥å‰æœ‰é£Ÿè°±æ¨èï¼Œå±•ç¤ºå…¨é¢çš„ï¼Œç°åœ¨æ²¡äº†ï¼Œæ‰€ä»¥è¿™ä¸ªappæ²¦ä¸ºåƒåœ¾appï¼Œå¼ƒç”¨ä¸å¯æƒœï¼Œæ—©æ—¥å€’é—­æ¸…ç›˜å§ï¼,text,related,https://itunes.apple.com/cn/review?id=952694580&type=Purple%20Software,0,Application,ç¨‹åº,0
https://itunes.apple.com/cn/reviews/id1185017224,ç¿å¹º,,2022-12-30T01:38:51-07:00,1,7.42.0,9450750321,è¶Šæ¥è¶Šä¸å¥½ç”¨ï¼Œä¸ä¼šæ›´æ–°å¯ä»¥ä¸æ›´æ–°ğŸ™,æ§½ç‚¹å¤ªå¤šäº†ï¼Œå°±æä¸€ä¸ªè¦æ±‚ï¼Œèƒ½ä¸èƒ½æŠŠè¯¾ç¨‹æ”¶è—é‚£é‡Œç»™æ”¹å›å»ï¼ŒçœŸçš„ä¼šè°¢ï¼Œæ˜¯å†…éƒ¨æ‰€æœ‰å‘˜å·¥éƒ½ä¸ç”¨è¿™ä¸ªapp çš„å—ï¼Ÿä¸ºä»€ä¹ˆä¼šä¸€ç›´è¶Šåšè¶Šå·®å‘¢ï¼Œä»æ¥ä¸è€ƒè™‘ä½¿ç”¨è€…æ„Ÿå—å’Œæ–¹ä¾¿åº¦çš„å—ï¼Ÿ,text,related,https://itunes.apple.com/cn/review?id=952694580&type=Purple%20Software,0,Application,ç¨‹åº,0
https://itunes.apple.com/cn/reviews/id563050171,è´å‰å¡”ä½ æ€ä¹ˆäº†,,2022-12-29T16:49:31-07:00,1,7.42.0,9449410576,ä¸è¡Œ,ä¹Ÿç®—æ˜¯è€ç”¨æˆ·äº†ï¼Œä¸“é—¨å‡ºä¸ªä¼šå‘˜å¯ä»¥è‡ªä¸»é€‰æ‹©å»æ‰æ‰€æœ‰æ— ç”¨ç¤¾åŒºå¼¹çª—å¹¿å‘Šè¿™äº›ï¼Œè¿˜é”»ç‚¼ä¸€ç‰‡å‡€åœŸ,text,related,https://itunes.apple.com/cn/review?id=952694580&type=Purple%20Software,1,Application,ç¨‹åº,1
https://itunes.apple.com/cn/reviews/id1396584259,çœŸåƒåœ¾å•Š é—ªåŠ¨æ ¡å›­,,2022-12-28T23:14:51-07:00,1,7.41.0,9446618698,è¶Šæ¥è¶ŠèŠ±é‡Œèƒ¡å“¨ä¸å¥½ç”¨äº†,å¦‚æ ‡é¢˜æ‰€ç¤º,text,related,https://itunes.apple.com/cn/review?id=952694580&type=Purple%20Software,1,Application,ç¨‹åº,1
https://itunes.apple.com/cn/reviews/id1482356601,YYæ˜Ÿæ˜Ÿä¸æœˆäº®,,2022-12-28T17:22:30-07:00,1,7.41.0,9445745735,é—ªé€€,é—ªé€€ å¸Œæœ›èƒ½æ”¹å–„,text,related,https://itunes.apple.com/cn/review?id=952694580&type=Purple%20Software,1,Application,ç¨‹åº,1
https://itunes.apple.com/cn/reviews/id1482352314,å•¥ä¹Ÿä¸æƒ³äº†å‘€,,2022-12-28T17:08:14-07:00,1,7.41.0,9445708840,è‹¹æœæ‰‹æœºä¸Šä¸èƒ½ç”¨,èº«é«˜å’Œæé†’çš„æŒ‰é”®éƒ½ä¸èƒ½ç”¨ï¼Œæ ¹æœ¬è¿›è¡Œä¸ä¸‹å»,text,related,https://itunes.apple.com/cn/review?id=952694580&type=Purple%20Software,0,Application,ç¨‹åº,0
https://itunes.apple.com/cn/reviews/id455853822,æš–tooæ¶‚æŠ¹YY,,2022-12-27T22:03:47-07:00,1,7.41.0,9442763899,ç‚¹å•¥éƒ½æœ‰å¼¹çª—ï¼Œæ˜¯æˆ‘è§è¿‡å¼¹çª—æœ€å¤šçš„è½¯ä»¶ï¼,æ¯æ¬¡æ‰“å¼€éƒ½æœ‰å¼¹çª—ï¼Œè€Œä¸”æ¥ä¸‹æ¥ç‚¹å“ªä¸ªæ¨¡å—éƒ½æœ‰ä¸åŒçš„å¼¹çª—ï¼Œæ˜¯æˆ‘è§è¿‡å¼¹çª—æœ€å¤šçš„è½¯ä»¶ï¼ä¸ºäº†èµšé’±ä¸é¡¾ç”¨æˆ·ä½“éªŒï¼Ÿ,text,related,https://itunes.apple.com/cn/review?id=952694580&type=Purple%20Software,0,Application,ç¨‹åº,0
https://itunes.apple.com/cn/reviews/id1210886132,Olivia@---,,2022-12-27T04:00:36-07:00,1,7.41.0,9439974429,ä½ çš„æ’ç‰ˆè¶Šæ¥è¶Šæ¥è¶ŠèŠ±å“¨,çœŸçš„å¥½ä¸‘,text,related,https://itunes.apple.com/cn/review?id=952694580&type=Purple%20Software,1,Application,ç¨‹åº,1
https://itunes.apple.com/cn/reviews/id1379873992,åˆ˜zm,,2022-12-26T19:31:53-07:00,1,7.41.0,9438804067,å¥–ç‰Œæ´»åŠ¨,æˆ‘åæœˆä»½è·‘äº†ä¸ªå¥–ç‰Œï¼Œ12æœˆåº•éƒ½æ²¡å‘å‡ºè´§æ¥ï¼Œæˆ‘å‚¬äº†å¾ˆå¤šæ¬¡å‘è´§ï¼Œå°±æ˜¯ä¸å‘è´§ï¼Œç„¶åæˆ‘è¦æ±‚é€€æ¬¾ï¼Œå®¢æœè¯´æ²¡åŠæ³•é€€æ¬¾äº†ï¼Œæˆ‘è¯´é‚£å°±ç»™æˆ‘å‘è´§ï¼Œä»–å°±ç›´æ¥æŠŠé’±é€€ç»™æˆ‘äº†ã€‚ä½ ä»¬keepå·¥ä½œäººå‘˜è„‘è¢‹éƒ½æ˜¯æœ‰æ¯›ç—…æ˜¯å—ï¼Ÿ,text,related,https://itunes.apple.com/cn/review?id=952694580&type=Purple%20Software,0,Application,ç¨‹åº,0
https://itunes.apple.com/cn/reviews/id801407084,è¶…çº§è¶…çº§è¶…çº§è¶…çº§è¶…çº§è¶…çº§è¶…çº§å¥½ã€‚,,2022-12-25T20:08:33-07:00,1,7.41.0,9435361759,æ— è¯­ğŸ˜“,çœŸçš„æœäº† æˆ‘æ˜¯æŠ¥åäº†é‚£ä¸ªè·‘æ­¥çš„æ´»åŠ¨ å› ä¸ºæˆ‘ç”¨çš„æ˜¯iPad æ‰€ä»¥å°±ä¸èƒ½ç”¨äº†å—ï¼Ÿä¸Šé¢è¿˜æ˜¾ç¤ºè¦ç”¨æ‰‹æœºè·‘ ä½†æˆ‘å°±æ˜¯æƒ³ç”¨iPadå•ŠçœŸçš„å¾ˆâ€¦èƒ½ä¸èƒ½æ”¹ä¸€æ”¹ æœäº†,text,related,https://itunes.apple.com/cn/review?id=952694580&type=Purple%20Software,0,Application,ç¨‹åº,0
https://itunes.apple.com/cn/reviews/id1476323625,å°æ¥Šä¹Ÿé˜³äº†,,2022-12-24T00:58:58-07:00,1,7.41.0,9429436098,è¿›ä¸å»è½¯ä»¶,ä¸ºä»€ä¹ˆå®šåˆ¶å¥½è®­ç»ƒè®¡åˆ’åï¼Œç‚¹å‡»å¼€å§‹è®­ç»ƒï¼Œä¸€ç›´æ²¡ååº”ï¼Œè¿›ä¸å»è½¯ä»¶ï¼Œé‡æ–°è¿›å…¥è½¯ä»¶ä¹Ÿæ²¡ç”¨,text,related,https://itunes.apple.com/cn/review?id=952694580&type=Purple%20Software,0,Application,ç¨‹åº,0
https://itunes.apple.com/cn/reviews/id1079285173,ç¦ç¦è¶…çº§æ— æ•Œç¾ä¸½å¤§ç¾å¥³,,2022-12-23T22:56:18-07:00,1,7.41.0,9429170028,åˆ«ç”¨,Â¥100ä¹°çš„ç§°ï¼Œç”¨äº†ä¸€å¹´åŠåäº†ï¼Œæƒ³æ¢æ–°çš„éœ€è¦89ï¼Œå‘µå‘µå“’,text,related,https://itunes.apple.com/cn/review?id=952694580&type=Purple%20Software,0,Application,ç¨‹åº,0
https://itunes.apple.com/cn/reviews/id393942603,BevinL,,2022-12-23T18:15:03-07:00,1,7.41.0,9428547192,æ›´æ–°æ›´åˆ°ä¸èƒ½æŠ•å±äº†ï¼Ÿï¼ï¼ï¼Ÿ,æ²¡æ›´æ–°ä¹‹å‰æŠ•å±ä¸€åˆ‡æ­£å¸¸ï¼Œæ›´æ–°å®Œå°±é¢‘ç¹é—ªé€€ï¼Ÿï¼ï¼ï¼Ÿ,text,related,https://itunes.apple.com/cn/review?id=952694580&type=Purple%20Software,0,Application,ç¨‹åº,0
https://itunes.apple.com/cn/reviews/id1479739828,keppå·®,,2022-12-21T06:41:23-07:00,1,7.41.0,9419940488,å·®,ä¸€ç‚¹éƒ½ä¸å¥½ å……äº†vlp æˆ‘éƒ½å…³äº†è‡ªåŠ¨æ‰£è´¹ è¿˜ä¸€ç›´æ‰£è´¹ æœäº† ä»€ä¹ˆä¸œè¥¿ å¸è½½äº†,text,related,https://itunes.apple.com/cn/review?id=952694580&type=Purple%20Software,0,Application,ç¨‹åº,0
https://itunes.apple.com/cn/reviews/id1343277830,è¯´è¯éƒ½è¦ä¸,,2022-12-21T04:13:03-07:00,1,7.41.0,9419509392,ä¸ºä»€ä¹ˆåˆ°è¿›å…¥è®­ç»ƒæ—¥å†å°±è¿›ä¸å»ï¼Ÿï¼Ÿ,ä¸ºä»€ä¹ˆåˆ°è¿›å…¥è®­ç»ƒæ—¥å†å°±ä¸ååº”äº†ï¼Ÿä¸ç»™æˆ‘è§£é‡Šè§£é‡Š,text,related,https://itunes.apple.com/cn/review?id=952694580&type=Purple%20Software,0,Application,ç¨‹åº,0
https://itunes.apple.com/cn/reviews/id490243366,ç‚¹äº®å¦™å¦™çš„æ©˜å­æ ‘,,2022-12-21T02:01:58-07:00,5,7.41.0,9419179555,å¾ˆä¸é”™,å°±æ˜¯åŠŸèƒ½æœ‰ç‚¹å¤ªä¹±äº†ï¼Œæœ‰çš„æ—¶å€™ä¸çŸ¥é“ä»å“ªé‡Œæ‰¾ä¸€äº›åŠŸèƒ½ã€‚å¸Œæœ›èƒ½åœ¨æ•´ç†çš„æ¸…æ™°äº›ã€‚,text,related,https://itunes.apple.com/cn/review?id=952694580&type=Purple%20Software,0,Application,ç¨‹åº,0
https://itunes.apple.com/cn/reviews/id439472564,BladeCode,,2022-12-20T17:08:27-07:00,1,7.41.0,9417921132,7.41.0ç‰ˆæœ¬,ä¹‹å‰ä¸€ç›´æ²¡ç”¨çœ‹åº”ç”¨ï¼Œä»Šå¤©ä¸€çœ‹ä¸çŸ¥é“ä¸€çœ‹å“ä¸€è·³ï¼Œä½ ä»¬åœ¨åº”ç”¨é‡Œé¢æ”¾äº†æ ¸æ­¦å™¨ä¹ˆã€‚ã€‚ã€‚è¦481Mï¼Œå¯¹è‡ªå·±çš„äº§å“æ²¡ç”¨ä¸€ç‚¹ç‚¹è¦æ±‚ä¹ˆã€‚ã€‚ã€‚,text,related,https://itunes.apple.com/cn/review?id=952694580&type=Purple%20Software,0,Application,ç¨‹åº,0
https://itunes.apple.com/cn/reviews/id1014709085,eushshshsj,,2022-12-20T07:09:37-07:00,1,7.41.0,9416492797,ä¸‹å¤´è½¯ä»¶ å†ä¹Ÿä¸ç”¨,Keepå¥–ç‰Œè¿™ä¸ªæ´»åŠ¨æ—©åœ¨å»å¹´å°±æ˜¯èŠ±é’±ä¸ç®¡èƒ½ä¸èƒ½è·‘æ­¥ï¼Œæ´»åŠ¨ç»“æŸéƒ½ä¼šå‘æ”¾å¥–ç‰Œï¼Œä½†æ˜¯æœ€è¿‘ä¸‹å•ï¼Œå¥½ä¹…éƒ½æ²¡æœ‰æç¤ºï¼Œç»“æœä¸€è¿›è½¯ä»¶ï¼Œæç¤ºæˆ‘è®¢å•å…³é—­ï¼Œæˆ‘çœŸæä¸æ‡‚ï¼Œç°åœ¨è¿™keepéƒ½å¼€å§‹æŠ¢é’±äº†ä¹ˆï¼Œè‡ªå·±éšä¾¿æ”¹è§„åˆ™ï¼Œä½ æ”¹è§„åˆ™ä¸è¦ç´§ï¼Œä¸´è¿‘åˆ°æœŸæ—¥ä¹Ÿä¸å‘ä¸ªæé†’ï¼Œå°±ä»»ç”±ç€ä½ é€€ä¸äº†æ¬¾ï¼Œé—®å®¢æœï¼Œå®¢æœçš„æœåŠ¡æ€åº¦æ›´æ˜¯å·®åˆ°æè‡´ï¼Œç”¨æ¡æ¬¾å»å¡ä½ ï¼Œè¯•é—®keepï¼Œå¦‚æœä½ ä¹°ä¸€ä»¶ä¸œè¥¿ï¼Œä¹‹å‰åªéœ€è¦ä»˜æ¬¾ç­‰å‘è´§å°±å¥½äº†ï¼Œçªç„¶ä½ ä¹°äº†ä¹‹åæ”¹è§„åˆ™äº†ï¼Œéœ€è¦è·‘æ­¥æ‰èƒ½å®Œæˆï¼Œåœ¨è¿™ç§å…»æˆä»˜æ¬¾ç­‰å‘è´§è¿™ä¸ªä¹ æƒ¯ä¹‹åï¼Œä½ è¿˜ä¼šå»ä»”ç»†çœ‹è§„åˆ™ï¼Œç„¶ååˆ°æœŸä¹Ÿä¸æé†’ï¼Œè¿™ä¸æ˜¯ä½ ä»¬çš„å¤±èŒï¼Ÿéœ¸ç‹æ¡æ¬¾å…¨è®©ä½ ä»¬å®šäº†ï¼ŒçœŸæœ‰æ„æ€ï¼Œä¸‹å¤´è½¯ä»¶,text,related,https://itunes.apple.com/cn/review?id=952694580&type=Purple%20Software,0,Application,ç¨‹åº,0
https://itunes.apple.com/cn/reviews/id461651030,ä¸¶Tuzki,,2022-12-20T05:06:32-07:00,1,7.41.0,9416138104,å¼€å§‹å‰²éŸ­èœäº†,ç”¨äº†å‡ å¹´ï¼Œè¶Šæ¥è¶Šåƒåœ¾äº†ï¼Œç°åœ¨è¿å…è´¹è¯¾ç¨‹éƒ½è¦ä¼šå‘˜ï¼Œå‘µå‘µ,text,related,https://itunes.apple.com/cn/review?id=952694580&type=Purple%20Software,1,Application,ç¨‹åº,1
https://itunes.apple.com/cn/reviews/id886104344,Z-yyuee,,2022-12-20T00:39:33-07:00,1,7.41.0,9415485023,å•è½¦æ•°æ®ä¸åŒæ­¥ï¼ï¼ï¼,å•è½¦æ•°æ®ä¸åŒæ­¥ï¼ï¼ï¼,text,related,https://itunes.apple.com/cn/review?id=952694580&type=Purple%20Software,0,Application,ç¨‹åº,0
https://itunes.apple.com/cn/reviews/id1374807406,å¤©ç©ºæµ·é˜”å¤ªå®Œç¾,,2022-12-19T21:02:23-07:00,4,7.41.0,9415023058,å‡ºä¸ªæ·±è‰²æ¨¡å¼å§  æ™šä¸Šçœ‹è¦ççœ¼äº†,éœ€æ±‚ï¼šæ·±è‰²æ¨¡å¼,text,related,https://itunes.apple.com/cn/review?id=952694580&type=Purple%20Software,0,Application,ç¨‹åº,0
https://itunes.apple.com/cn/reviews/id709303994,äººå®¶è¯´å¡äº†,,2022-12-19T10:55:26-07:00,1,7.41.0,9413617250,æ›´æ–°å¾—çœŸåƒåœ¾ï¼Œè¶Šæ¥è¶Šçƒ‚,è¿™æ›´æ–°çš„ä»€ä¹ˆåƒåœ¾uiï¼Œå°¤å…¶æ˜¯ä½“è„‚ç§¤ï¼ŒçœŸæ˜¯çƒ‚,text,related,https://itunes.apple.com/cn/review?id=952694580&type=Purple%20Software,1,Application,ç¨‹åº,1
https://itunes.apple.com/cn/reviews/id698416363,åŠªåŠ›ç”Ÿæ´»çš„å°å’¸é±¼,,2022-12-19T05:27:07-07:00,1,7.41.0,9412718936,åƒåœ¾app,çœŸçš„åƒåœ¾ï¼Œä¸å……ä¼šå‘˜ï¼ŒæŠ•å±éƒ½æ˜¯ä¸æ˜¯æ–­å¼€ï¼Œå½±å“å¿ƒæƒ…ï¼Œç»™äº†å¤šæ¬¡æœºä¼šï¼Œä»æ—§æ–­æ–­æ–­æ–­ç»­ç»­ï¼Œæ¯«æ— åº•çº¿çš„app,text,related,https://itunes.apple.com/cn/review?id=952694580&type=Purple%20Software,0,Application,ç¨‹åº,0
https://itunes.apple.com/cn/reviews/id1105489368,å—¯å‰ƒæ¯›æˆ‘çš„ç¾¤,,2022-12-19T03:58:31-07:00,4,7.41.0,9412475838,111,ä»Šå¤©æ›´æ–°åè‹¹æœæ‰‹è¡¨çš„è¿åŠ¨è®°å½•æ— æ³•åŒæ­¥äº†,text,related,https://itunes.apple.com/cn/review?id=952694580&type=Purple%20Software,0,Application,ç¨‹åº,0
https://itunes.apple.com/cn/reviews/id738641475,agjadmqtwm,,2022-12-19T02:41:17-07:00,4,7.41.0,9412287955,å¸Œæœ›æœ‰å€é€Ÿçš„åŠŸèƒ½,æœ‰äº›å¤æ‚åŠ¨ä½œéœ€è¦å€’é€€æ¥å›çœ‹å¥½å‡ æ¬¡ï¼Œå¦‚æœæœ‰å€é€Ÿå°±ä¼šæ–¹ä¾¿å¾ˆå¤šï¼Œæœ›é‡‡çº³,text,related,https://itunes.apple.com/cn/review?id=952694580&type=Purple%20Software,0,Application,ç¨‹åº,0
https://itunes.apple.com/cn/reviews/id516205955,å±…ç„¶æœ‰ç‚¹ä¸è¿‡ä½ ä»¬çš„è¯ï¼Ÿä½ ,,2022-12-19T01:10:53-07:00,1,7.41.0,9412090138,åƒåœ¾è½¯ä»¶,ç°åœ¨å°±ä¼šåœˆé’±äº†,text,related,https://itunes.apple.com/cn/review?id=952694580&type=Purple%20Software,0,Application,ç¨‹åº,0
https://itunes.apple.com/cn/reviews/id671950342,åå¯¹keepæ— è‰¯è¡Œä¸º,,2022-12-18T06:13:26-07:00,1,7.41.0,9409473760,æ— è‰¯å•†å®¶,å¯æ€œçš„é’±é’±æ²¡æœ‰ç†ç”±çš„ç¦»æˆ‘è€Œå» è¿åæ¶ˆè´¹è€…æ³• ä¼¤å®³æ¶ˆè´¹è€…æƒç›Š ä¸€ç”Ÿé»‘ åªè¦ä½ ä»¬åœ¨ä¸€å¤©æˆ‘å°±ä¼šä¸€ç›´æŠ•è¯‰ éª—å­,text,related,https://itunes.apple.com/cn/review?id=952694580&type=Purple%20Software,0,Application,ç¨‹åº,0
https://itunes.apple.com/cn/reviews/id781825116,æ½®æ±•å¤§é²,,2022-12-17T22:22:52-07:00,1,7.41.0,9408297229,NBå”®å,çœŸçš„å¾ˆæ°”äººï¼Œäº§å“å‡ºäº†é—®é¢˜ç”³è¯·å”®åä¸€ä¸ªæ˜ŸæœŸäº†é¸Ÿéƒ½ä¸é¸Ÿä¸€ä¸‹çš„ï¼Œåªä¼šèµšé’±ljè½¯ä»¶,text,,,,,,
https://itunes.apple.com/cn/reviews/id1439257348,å¯’å¤œç»¯å½©,,2022-12-17T21:32:46-07:00,5,7.41.0,9408189273,ä¸€äº›å»ºè®®,"é‚£ä¸ªè®°å½•é¥®é£Ÿçš„ç•Œé¢æ”¹çš„éå¸¸ä¸å¥½ï¼Œä¸èˆ’æœã€‚
å–œæ¬¢æ—©ä¸­æ™šé¥­éƒ½æ”¾åœ¨å±å¹•ç•Œé¢ä¸Šç­‰å¾…å¡«å†™ï¼Œç°åœ¨æ”¾åœ¨æœ€ä¸‹é¢æ˜¾å¾—å¾ˆæ†‹å±ˆå¾ˆä¸å¤§æ–¹ã€‚
æœ‰ä¸ªåˆ†é‡ï¼ŒæŒ‰ç›˜å’ŒæŒ‰å…‹æ•°è®¾è®¡çš„å¾ˆè´´å¿ƒï¼Œä½†æ˜¯è¿˜æ˜¯å¸Œæœ›å…‹æ•°å¯ä»¥æœ‰æ‹–åŠ¨é€‰æ‹©çš„è®¾è®¡ï¼ï¼ï¼ä¸ºä»€ä¹ˆéè¦è¾“å…¥å•ŠçœŸçš„ä¸æ–¹ä¾¿ï¼ï¼
å¼„ä¸ªåˆ»åº¦å°ºä¸€æ ·çš„ä¹‹å‰éå¸¸æ–¹ä¾¿ï¼Œ150åˆ°120ç›´æ¥æ‹–è¿‡å»ï¼Œä¸ç”¨æ‰“å¼€é”®ç›˜äº†

ååˆ†è®¤çœŸçš„å†™ çœŸçš„è€ƒè™‘ä¸€ä¸‹å¥½å—",text,related,https://itunes.apple.com/cn/review?id=952694580&type=Purple%20Software,0,Application,ç¨‹åº,0
https://itunes.apple.com/cn/reviews/id1256898377,nblelaobabu,,2022-12-17T20:45:29-07:00,1,7.41.0,9408083468,ğŸ”,å•¥å®¢æœå•Šéƒ½æ²¡äººå› å‘ä¸ªè´§10å‡ å¤©éƒ½æ²¡å‘å‡ºæ¥æœäº†,text,related,https://itunes.apple.com/cn/review?id=952694580&type=Purple%20Software,0,Application,ç¨‹åº,0
https://itunes.apple.com/cn/reviews/id650819210,é‚£ä¹ˆå¥½8,,2022-12-17T19:30:09-07:00,3,7.41.0,9407908161,ä¸èƒ½è¿æ¥åˆ«çš„æ‰‹ç¯,åˆ«çš„æ‰‹ç¯è¿æ¥ä¸äº†ï¼Œkeepçš„æ‰‹ç¯åŠŸèƒ½ä¸å¤ªè¡Œï¼Œä¸ºä»€ä¹ˆä¸èƒ½è¿æ¥ä¸‰æ–¹ã€‚,text,related,https://itunes.apple.com/cn/review?id=952694580&type=Purple%20Software,0,Application,ç¨‹åº,0
https://itunes.apple.com/cn/reviews/id1463589943,å¯æ€œçš„æ— è¾œäºº,,2022-12-17T18:58:51-07:00,1,7.41.0,9407829868,æ— è¾œæ‰£é’±,è«åå…¶å¦™æ‰£é™¤äº†å¾ˆå¤šé’±ï¼Œæˆ‘é‡ä¹æœˆè®¢é˜…çš„ï¼Œåˆ°12ä»½ä¹Ÿåº”è¯¥æ˜¯4ä¸ªè®¢é˜…è´¦å•ï¼Œç»™æˆ‘æ•´å‡ºäº†æ•´å‡ºäº†å¥½å‡ å¹´çš„è´¦å•ï¼Œæœ‰ä¸‰ä¸ªåŒ…å¹´çš„è´¦å•.åé¢åŒ…æœˆçš„è´¦å•æ˜¯æœ‰10ä¸ªå·¦å³ï¼Œè«åå…¶å¦™ï¼Œä¹Ÿä¸çŸ¥é“æ‰£é’±äº†æ²¡æœ‰ï¼Œè¿˜ä»–å–µçš„é€€ä¸äº†,text,related,https://itunes.apple.com/cn/review?id=952694580&type=Purple%20Software,0,Application,ç¨‹åº,0
https://itunes.apple.com/cn/reviews/id1445324732,myzxj,,2022-12-17T17:17:34-07:00,1,7.41.0,9407585106,æ— è¯­ğŸ™ƒ,è¿˜æ˜¯å¥–ç‰Œçš„é—®é¢˜å‘¢ï¼Œå°±ä¸€ä¸ªå¥–ç‰Œä»€ä¹ˆæ—¶å€™å‘è´§ç»™æˆ‘æ¢äº†å¥½å‡ ä¸ªå®¢æœï¼Œä½ æç€æ‰“å¤ªæå‘¢ï¼Ÿï¼Ÿï¼ŸğŸ™ƒğŸ™ƒğŸ™ƒç°åœ¨éƒ½å·²ç»å¼€æ”¾äº†ï¼Œæ‰€ä»¥æˆ‘çš„å¥–ç‰Œä½ åœ¨é‚£æ‹–ä»€ä¹ˆä¸å‘è´§ï¼Ÿï¼Ÿï¼Ÿå®¢æœå›ç­”ä¸äº†å°±æ­»éï¼Ÿæˆ‘çœŸçš„æ— å¤§è¯­ï¼Œå¦‚æœè¿™ä¸ªé—®é¢˜ä¸æ”¹å–„çš„è¯ï¼Œæ‰“ç®—æ¢ä¸€ä¸ªå¥èº«è½¯ä»¶äº†ğŸ™‚,text,related,https://itunes.apple.com/cn/review?id=952694580&type=Purple%20Software,0,Application,ç¨‹åº,0
https://itunes.apple.com/cn/reviews/id376942103,äºšç‰¹å…°è’‚æ–¯æ¬§å·´,,2022-12-17T06:55:45-07:00,1,7.41.0,9406029901,åŸå…ˆå…è´¹çš„æ…¢æ…¢éƒ½å˜æˆä¼šå‘˜äº†ï¼Œæ‰¾åˆ°æ›¿ä»£çš„å°±ç»™ä½ å¸è½½æ‰,ç°åœ¨éšä¾¿ä¸€ä¸ªè®­ç»ƒéƒ½è¦ä¼šå‘˜äº†ï¼Œä¹‹å‰ç»ƒäº†å¾ˆå¤šä¹…çš„è¯¾ç¨‹è¿™å‡ å¤©ä¹Ÿçªç„¶å˜æˆè¦ä¼šå‘˜äº†ï¼Œåƒç›¸éš¾çœ‹ï¼Œä¼šå¤±å»ç”¨æˆ·çš„,text,related,https://itunes.apple.com/cn/review?id=952694580&type=Purple%20Software,0,Application,ç¨‹åº,0
https://itunes.apple.com/cn/reviews/id1125490287,éªšèˆŒå¤´,,2022-12-17T04:23:16-07:00,1,7.41.0,9405568536,åƒåœ¾,è¶Šåšè¶Šåƒåœ¾ï¼Œå˜å‘³,text,related,https://itunes.apple.com/cn/review?id=952694580&type=Purple%20Software,0,Application,ç¨‹åº,0
https://itunes.apple.com/cn/reviews/id235654563,ç¹æ˜Ÿã€æ˜¥æ°´,,2022-12-16T18:28:17-07:00,1,7.41.0,9404144059,åƒåœ¾è½¯ä»¶è¿˜æ•¢åˆ è¯„è®º,å®¢æœæ€åº¦æ¶åŠ£ä¸è§£å†³é—®é¢˜ï¼Œå°±ä¼šåˆ é™¤è¯„è®ºã€‚æ‰¾ä½ ä»¬è¡¥ç­¾ä¹Ÿæ²¡æƒ³è§£å†³ï¼Œå°±ç®—è¿˜ä¸€å‰¯æˆ‘å°±ä¸è§£å†³ï¼Œä½ çˆ±ç”¨å°±ç”¨ï¼Œä¸ç”¨å°±æ»šè›‹,text,related,https://itunes.apple.com/cn/review?id=952694580&type=Purple%20Software,0,Application,ç¨‹åº,0
https://itunes.apple.com/cn/reviews/id1278196800,è‚ èƒƒç‚æ©˜å­,,2022-12-16T07:34:42-07:00,1,7.41.0,9402540738,å…³äºåŠŸèƒ½,å¯¹è¿™ä¸ªè½¯ä»¶çœŸçš„å¾ˆæ— è¯­äº†.æ˜æ˜æ˜¯ç¦»çº¿ä¸‹è½½çš„è§†é¢‘ã€‚ä½†æ˜¯æŠŠå®ƒæ”¾åœ¨äº†ä¸€ä¸ªéœ€è¦ç½‘ç»œæ‰å¯ä»¥æ‰“å¼€çš„åœ°æ–¹.è¯·é—®æˆ‘ä¸‹è½½è§†é¢‘çš„ç”¨å¤„åœ¨å“ªé‡Œï¼Ÿæˆ‘ä¸ºä»€ä¹ˆè¦ä¸‹è½½è§†é¢‘è§‚çœ‹ï¼Ÿè¿˜ä¸æ˜¯å› ä¸ºæˆ‘ä¸èƒ½ä½¿ç”¨ç½‘ç»œå—ï¼Ÿè¿™æ ·å­è®©æˆ‘æ€ä¹ˆä½¿ç”¨è¿™ä¸ªè½¯ä»¶å‘¢ï¼Ÿå¸Œæœ›æ”¹è¿›ï¼ï¼ï¼ï¼ï¼ï¼,text,related,https://itunes.apple.com/cn/review?id=952694580&type=Purple%20Software,0,Application,ç¨‹åº,0
https://itunes.apple.com/cn/reviews/id1427395011,ç¡ä¸é¥±ä¼šç”Ÿæ°”,,2022-12-16T07:18:10-07:00,1,7.41.0,9402491334,è¯¾ç¨‹ç»å¸¸è‡ªåŠ¨é€€å‡º,è¯¾ç¨‹ç»å¸¸è‡ªåŠ¨é€€å‡º è¿˜ä¸ä¿å­˜è¿›åº¦ ä½“éªŒæ„Ÿæå·® è¦ä¸æ˜¯åšåˆ°ä¸€åŠä¸æƒ³æ”¾å¼ƒæ ¹æœ¬ä¸ä¼šå†ä½¿ç”¨äº† å¤ªåƒåœ¾äº†,text,related,https://itunes.apple.com/cn/review?id=952694580&type=Purple%20Software,0,Application,ç¨‹åº,0
https://itunes.apple.com/cn/reviews/id373811039,shawn 0505,,2022-12-15T22:12:25-07:00,3,7.41.0,9401101754,ä¸ºä»€ä¹ˆä¸èƒ½ä¸iwatchåŒ¹é…äº†,ä¸€ä¸ªæœˆå‰è¿˜å¯ä»¥ï¼Œä¸ºä»€ä¹ˆ12æœˆå¼€å§‹ä¸èƒ½ä¸iwatchåŒ¹é…äº†ï¼Œä¸èƒ½ç”¨ä¹Ÿåº”è¯¥æå‰é€šçŸ¥ä¸€å£°å•Š,text,related,https://itunes.apple.com/cn/review?id=952694580&type=Purple%20Software,0,Application,ç¨‹åº,0
https://itunes.apple.com/cn/reviews/id193902078,Mgl_Butteelc,,2022-12-15T18:54:11-07:00,1,7.41.0,9400670409,è¿™æ¬¡æ›´æ–°å¤ªåƒåœ¾,æˆ‘ç”¨keepå¥½å‡ å¹´äº†ï¼Œä»¥å‰çš„ç•Œé¢ååˆ†æ¸…æ™°ï¼Œè‡ªå·±æ”¶è—çš„è¯¾ç¨‹ä¹Ÿå¾ˆå®¹æ˜“æ‰¾åˆ°ï¼Œè¿™ä¼šæ›´æ–°çš„UIä¹±ä¸ƒå…«ç³Ÿï¼Œä»€ä¹ˆç©æ„ï¼ŒUI/UXè®¾è®¡å¸ˆè„‘å­æœ‰æ¯›ç—…å§,text,related,https://itunes.apple.com/cn/review?id=952694580&type=Purple%20Software,1,Application,ç¨‹åº,1
https://itunes.apple.com/cn/reviews/id1180627840,åŒ—ç°ç¦»æµ·,,2022-12-15T15:53:22-07:00,1,7.41.0,9400242401,éšç§ä¿æŠ¤å¤ªå·®,"æ˜æ˜æ²¡æœ‰ç»™ä»–é€šè®¯å½•æƒé™ï¼Œä½†è¿˜æ˜¯ç»å¸¸å‘æˆ‘æ¨èé€šè®¯å½•å¥½å‹ ååè¿˜éƒ½å¾ˆå‡†ã€‚
å¼¹çª—å¤ªå¤šï¼Œå´æ— æ³•å…³é—­ã€‚æœ‰äº›å¼¹çª—åªèƒ½é€€å‡ºå»é‡æ–°è¿›ï¼ŒçœŸçš„æ˜¯å¤ªæ¶å¿ƒäº†ï¼Œè€Œä¸”ç°åœ¨å¥½å¤šåŸæœ¬å…è´¹çš„å®˜æ–¹è¯¾ç¨‹ä¹Ÿè¦æ”¶è´¹äº†ã€‚",text,related,https://itunes.apple.com/cn/review?id=952694580&type=Purple%20Software,0,Application,ç¨‹åº,0
https://itunes.apple.com/cn/reviews/id1477896847,æ™“é›¾s,,2022-12-15T15:43:57-07:00,1,7.41.0,9400221580,Keepé¢‘ç¹å ç”¨åå°èµ„æº,ä¹‹å‰ç»å¸¸ä¸€è§‰ç¡é†’å‘ç°æ‰‹æœºæ²¡ç”µéƒ½å¿«å…³æœºäº†ï¼Œåæ¥æ‰å‘ç°æ˜¯keepç»å¸¸åˆ·æ–°åå°ï¼Œå³ä½¿æ˜¯å…³é—­åå°åˆ·æ–°æƒé™éƒ½æ²¡ç”¨ï¼ŒçœŸæ˜¯æµæ°“è½¯ä»¶,text,related,https://itunes.apple.com/cn/review?id=952694580&type=Purple%20Software,0,Application,ç¨‹åº,0
https://itunes.apple.com/cn/reviews/id1477781668,kxxxxxxxxxxxxxxl,,2022-12-15T06:54:16-07:00,1,7.41.0,9398918481,Kxxxxxxxxxxxl,çœŸæœäº†ï¼Œæˆ‘ä¸€ç›´è¿›ä¸å»,text,related,https://itunes.apple.com/cn/review?id=952694580&type=Purple%20Software,0,Application,ç¨‹åº,0
https://itunes.apple.com/cn/reviews/id1370629271,ttttjjjjjhhhh,,2022-12-15T02:34:31-07:00,1,7.41.0,9398190416,æ²¡ç”¨çš„è½¯ä»¶,åƒåœ¾è½¯ä»¶,text,related,https://itunes.apple.com/cn/review?id=952694580&type=Purple%20Software,0,Application,ç¨‹åº,0
https://itunes.apple.com/cn/reviews/id1002364838,ç»æµæ³•æ ¹æ®å®¢æˆ·å®¶å®¶æˆ·æˆ·èˆ…èˆ…,,2022-12-15T00:55:10-07:00,1,7.41.0,9397972169,æç¬‘å‘¢,ä½ ä»¬é‚£ä¸ªæé†’çš„ç•Œé¢æ ¹æœ¬ç‚¹ä¸ä¸Š,text,related,https://itunes.apple.com/cn/review?id=952694580&type=Purple%20Software,0,Application,ç¨‹åº,0
https://itunes.apple.com/cn/reviews/id1473684907,çˆ±è¿åŠ¨çš„å¸…å‘†123,,2022-12-14T21:51:23-07:00,1,7.41.0,9397582921,åƒåœ¾,ä¹°çš„å¥–ç‰Œå› ç–«æƒ…å‘ä¸äº†è´§å¯ä»¥å‘è´§äº†åˆè¯´æ²¡è´§äº†,text,related,https://itunes.apple.com/cn/review?id=952694580&type=Purple%20Software,0,Application,ç¨‹åº,0
https://itunes.apple.com/cn/reviews/id1042734678,Até™ˆåŒå­¦,,2022-12-14T18:21:18-07:00,1,7.41.0,9397117153,è¿˜ä¸é€‚é…å®æ—¶æ´»åŠ¨ï¼Ÿ,æ— è¯­,text,related,https://itunes.apple.com/cn/review?id=952694580&type=Purple%20Software,0,Application,ç¨‹åº,0
https://itunes.apple.com/cn/reviews/id1284698609,é’¢ç´ç•Œè€å…«,,2022-12-14T08:06:18-07:00,5,7.40.1,9395652179,å¼€å‘è€…çœ‹æˆ‘ğŸ‘€ğŸ‘€ğŸ‘€,å»ºè®®åŠ ä¸€ä¸ªâ€œæˆ‘çš„è‡ªè¡Œè½¦â€,text,related,https://itunes.apple.com/cn/review?id=952694580&type=Purple%20Software,0,Application,ç¨‹åº,0
https://itunes.apple.com/cn/reviews/id133793367,racingme,,2022-12-14T06:57:16-07:00,3,7.40.1,9395454844,è¿åŠ¨è®°å½•åˆ†äº«å›¾ç‰‡é»˜è®¤èƒŒæ™¯å›¾ä¸èƒ½æ”¹,æ¯æ¬¡æƒ³æ¢æˆè·‘æ­¥è·¯çº¿å½“èƒŒæ™¯éƒ½è¦æ‰‹åŠ¨é€‰æ‹©ï¼Œå¥½éº»çƒ¦ã€‚,text,related,https://itunes.apple.com/cn/review?id=952694580&type=Purple%20Software,0,Application,ç¨‹åº,0
https://itunes.apple.com/cn/reviews/id396708634,å§å§333,,2022-12-14T04:05:27-07:00,1,7.40.1,9394947165,è¶Šæ¥è¶Šéš¾ç”¨ï¼ï¼ï¼ï¼ï¼,è¶Šæ¥è¶Šéš¾ç”¨,text,related,https://itunes.apple.com/cn/review?id=952694580&type=Purple%20Software,0,Application,ç¨‹åº,0
https://itunes.apple.com/cn/reviews/id340980258,ç‰§æ­ŒæƒŠè›°,,2022-12-13T05:21:21-07:00,2,7.40.1,9391717757,å±…ç„¶ä¸æ”¯æŒæ·»åŠ Hokaè·‘é‹ï¼Ÿ,æœ‰è®°å½•è·‘é‹åŠŸèƒ½ï¼Œæ€ä¹ˆä¸æ”¯æŒæ·»åŠ Hoka oneone,text,related,https://itunes.apple.com/cn/review?id=952694580&type=Purple%20Software,0,Application,ç¨‹åº,0
https://itunes.apple.com/cn/reviews/id500364636,é£åŠ¨éšå¿ƒå•Š,,2022-12-13T04:11:43-07:00,1,7.40.1,9391514196,ç‚¹éƒ½ç‚¹ä¸è¿›å»,ç‚¹ä¸è¿›å»,text,related,https://itunes.apple.com/cn/review?id=952694580&type=Purple%20Software,0,Application,ç¨‹åº,0
https://itunes.apple.com/cn/reviews/id1380743035,keeper2023,,2022-12-13T02:03:07-07:00,1,7.40.1,9391192819,ä¸ºä»€ä¹ˆè€é—ªé€€å•Š,æˆ‘åˆšåˆšç»ƒå®Œï¼Œå°±é—ªé€€ï¼Œç‚¹è¿›å»20ç§’é—ªé€€ï¼Œä¸ºå•¥å•Š,text,related,https://itunes.apple.com/cn/review?id=952694580&type=Purple%20Software,0,Application,ç¨‹åº,0
https://itunes.apple.com/cn/reviews/id1190876081,Alysaaaaaaaab,,2022-12-12T22:41:30-07:00,2,7.40.1,9390764503,hdç‰ˆæœ¬ï¼ï¼ï¼,keepçœŸçš„å¾ˆå¥½ç”¨ï¼Œæˆ‘ä¹Ÿå¾ˆå–œæ¬¢ï¼Œæˆ‘è·ªæ±‚å‡ºä¸€ä¸ªhdï¼æˆ–è€…å¯ä»¥è½¬å±å¹•ï¼ŒçœŸçš„å¾ˆå–œæ¬¢æ¨ªç€æ‰‹æœºå’ŒiPadï¼Œä¸å–œæ¬¢ç«–ç€ï¼,text,related,https://itunes.apple.com/cn/review?id=952694580&type=Purple%20Software,0,Application,ç¨‹åº,0
https://itunes.apple.com/cn/reviews/id275321247,æ£‰è¢„w,,2022-12-12T19:10:48-07:00,4,7.40.1,9390305872,å†…å­˜å ç”¨æœ‰ç‚¹å¤§,æœ›è§£å†³,text,related,https://itunes.apple.com/cn/review?id=952694580&type=Purple%20Software,0,Application,ç¨‹åº,0
https://itunes.apple.com/cn/reviews/id230095312,è‚‰å±±å¤§é­”ç‹2,,2022-12-12T17:37:13-07:00,1,7.40.1,9390082008,åˆ«æ•´å¤©æ”¹UIäº†,æ”¹çš„å¾ˆå¤šå…¥å£éƒ½æ‰¾ä¸åˆ°äº†ã€‚,text,related,https://itunes.apple.com/cn/review?id=952694580&type=Purple%20Software,0,Application,ç¨‹åº,0
https://itunes.apple.com/cn/reviews/id1346589102,ï¼›@ï¼‰â˜ï¸,,2022-12-12T01:27:18-07:00,1,7.40.1,9387597660,ç‚¹å¼€ç•Œé¢ï¼Œ,ä¸€ç›´è¿›ä¸å»ä¸€ç›´åœ¨æ¯å‘¨æé†’å¥èº«çš„ç•Œé¢ï¼Œç‚¹æé†’ä¹Ÿä¸è¡Œï¼Œç‚¹ç›´æ¥è¿›å»ä¹Ÿä¸è¡Œï¼æ— è¯­äº†,text,related,https://itunes.apple.com/cn/review?id=952694580&type=Purple%20Software,0,Application,ç¨‹åº,0
https://itunes.apple.com/cn/reviews/id1301187003,äº‘æœµåœ¨å“­,,2022-12-11T06:57:08-07:00,3,7.40.1,9384967903,UIå°±ä¸èƒ½ç®€çº¦ä¸€äº›ï¼Ÿï¼,UIè®¾è®¡å¸ˆåŠ æ²¹ï¼,text,related,https://itunes.apple.com/cn/review?id=952694580&type=Purple%20Software,0,Application,ç¨‹åº,0
https://itunes.apple.com/cn/reviews/id1476462357,æˆ‘çš„åå­—ä¸çŸ¥é“æ˜¯å•¥,,2022-12-11T05:53:18-07:00,2,7.40.1,9384767412,iPhone 14PROæœ‰ä¸ªbug,keepåœ¨ä½¿ç”¨è¯¾ç¨‹è¿›è¡Œå¥èº«è¿‡ç¨‹ä¸­ï¼Œkeepå­˜åœ¨ä¸€ä¸ªbugï¼Œè·Ÿè¯¾ç¨‹è§†é¢‘é”»ç‚¼ï¼Œè§†é¢‘ç¾å›½åŠ¨ç”»ç›´æ¥ç»¿å±,text,related,https://itunes.apple.com/cn/review?id=952694580&type=Purple%20Software,0,Application,ç¨‹åº,0
https://itunes.apple.com/cn/reviews/id640421040,syï¼Œoruinypog,,2022-12-10T20:14:56-07:00,1,7.40.1,9383352338,5å¹´è€ç”¨æˆ·äº†ï¼Œæ›´æ–°çš„ä¸€æ¬¡ä¸å¦‚ä¸€æ¬¡,keep é€æ¸å°çº¢ä¹¦åŒ–ï¼Œç•Œé¢è¶Šæ¥è¶ŠèŠ±é‡Œèƒ¡å“¨æ¯«æ— ä½œç”¨ï¼Œèµ„æœ¬æ³¨å…¥èƒ½ç†è§£ï¼Œå¯æ˜¯ä¸æ³¨é‡ç”¨æˆ·çš„ä½“éªŒè¿Ÿæ—©ğŸ’Šã€‚,text,related,https://itunes.apple.com/cn/review?id=952694580&type=Purple%20Software,1,Application,ç¨‹åº,1
https://itunes.apple.com/cn/reviews/id1200500766,æ”¥å†™çš„ç¬¬ä¸€ä¸ªæ˜µç§°,,2022-12-10T05:12:36-07:00,1,7.40.1,9380961052,ç¼“å­˜é—®é¢˜,åƒåœ¾ï¼Œæ˜æ˜ä»å·²ä¸‹è½½ç•Œé¢è¿›å»çš„ï¼Œç»“æœè¿˜ç»™æˆ‘ç½‘ç»œè½¬åœˆåœˆ,text,related,https://itunes.apple.com/cn/review?id=952694580&type=Purple%20Software,0,Application,ç¨‹åº,0
https://itunes.apple.com/cn/reviews/id418447676,ä½ ç­‰è¢«ä½ å¹‚å¹‚,,2022-12-09T21:07:27-07:00,1,7.40.1,9379769960,Keepçš„è®¡æ•°çœŸæ˜¯åƒåœ¾ï¼Œåé¦ˆä¸æ­¢ä¸€æ¬¡,"è·‘æ­¥æœºè·‘7å…¬é‡Œï¼Œè®¡æ­¥5å…¬é‡Œï¼Œå‘µå‘µï¼Œå¼ƒäº†å¼ƒäº†

ä¸ä¿¡çš„è¯ï¼Œå¯éšæ—¶æµ‹è¯•ï¼Œè·‘æ­¥æœºä¸ŠåŒæ—¶æ‰“å¼€æ‚¦è·‘åœˆè·Ÿkeepçœ‹å“ªä¸ªè®¡æ•°æ›´æ¥è¿‘è·‘æ­¥æœºã€‚

åé¦ˆå¾ˆå¤šæ¬¡ï¼Œä¹Ÿæ²¡å¤„ç†ï¼Œéš¾é“æ˜¯ä¸ç»´æŠ¤äº†ï¼Ÿ",text,related,https://itunes.apple.com/cn/review?id=952694580&type=Purple%20Software,0,Application,ç¨‹åº,0
https://itunes.apple.com/cn/reviews/id1209302747,ä¸‰å¹´è€ç²‰å¿ƒæ¸å‡‰,,2022-12-09T19:16:45-07:00,1,7.40.1,9379499630,äº”å¹´äº†ï¼Œä½“éªŒè¶Šæ¥è¶Šå·®ï¼Œæƒ³å¼ƒå‘äº†ã€‚,å‡†ç¡®æ¥è¯´åº”è¯¥æ˜¯6+ä¸ªå¹´çš„ä½¿ç”¨äº†ï¼Œç›®å‰æ˜¯è´¦å·äº”å¹´åŠäº†ï¼Œåº”è¯¥ç®—å¾—ä¸Šæ˜¯å¿ å®ç”¨æˆ·äº†ã€‚æœŸé—´ä¹Ÿç»å¸¸ç»™æœ‹å‹æ¨è¿‡keepï¼Œè™½ç„¶ç»§ç»­åœ¨ç”¨çš„ä¸å¤šã€‚è¯´ä¸€ä¸‹è¿‘å‡ å¹´çš„ä¸€äº›æ„Ÿå—å§ï¼Œå…¶å®å¯¹äºè½¯ä»¶åŠŸèƒ½æ¥è¯´ï¼Œç¡®å®æ˜¯è¶Šæ¥è¶Šå¤šäº†ï¼Œæœ‰äº›åŠŸèƒ½æ¨¡å—ä¸å®Œå–„ï¼Œæ˜¯äº§å“éƒ¨é—¨çš„é”…ï¼Œæœ‰äº›ç¨‹åºä¸Šçš„bugï¼Œæ˜¯æŠ€æœ¯çš„é”…ã€‚æœŸé—´æœ‰æ—¶å€™ä¹Ÿå¶å°”ç»™å®¢æœæææ„è§ï¼ŒåŸºæœ¬ä¸Šéƒ½å±äºæ²¡äº‹æ‰¾äº‹äº†ï¼Œå› ä¸ºéƒ½æ˜¯æ²¡ä¸‹æ–‡çš„ï¼Œå¯èƒ½æ˜¯æˆ‘æçš„ä¸åˆé€‚ï¼Œä¹Ÿå¯èƒ½æœ‰åˆ«çš„åŸå› ã€‚æ¯”è¾ƒè®©äººæ¶å¿ƒçš„æ˜¯æŠ€æœ¯æ–¹é¢çš„ï¼Œæœ€è¿‘å‡ å¹´æäº†å¥½å‡ æ¬¡bugï¼Œæ¯ä¸€æ¬¡éƒ½æ˜¯éœ€è¦ä½ è¿ç€åé¦ˆå¥½å‡ æ¬¡ï¼Œæœ‰äº›æ˜¯è§£å†³äº†ï¼Œæœ‰äº›ä¸€ç›´å°±æ²¡è§£å†³ï¼Œåæ¥è‡ªå·±ç´¢æ€§ä¸çº ç»“äº†ã€‚æœ¬èº«æ˜¯æŠ€æœ¯å‡ºèº«ï¼Œæ‰€ä»¥æœ‰äº›é—®é¢˜å¤§æ¦‚ä¹Ÿç»™å¾—äº†ä¸€äº›å»ºè®®ï¼Œç”šè‡³è¿˜æä¾›äº†å¤ç°çš„æ€è·¯ï¼Œè™½ç„¶ä¸çŸ¥é“å®¢æœæ˜¯å¦æœ‰å®Œæ•´çš„è½¬è¿°ç»™æŠ€æœ¯äººå‘˜ã€‚ä¸è¿‡æœ‰äº›å¾ˆç®€å•çš„ä¸œè¥¿ï¼Œè€Œä¸”ä¸æ˜¯å¶å‘è€Œæ˜¯å¿…ç°çš„ï¼Œåé¦ˆå¥½å‡ æ¬¡ï¼Œç”šè‡³ç»å†ç‰ˆæœ¬æ›´æ–°äº†éƒ½æ²¡ä¿®å¤çš„ï¼Œæˆ‘çœŸçš„è§‰å¾—æœ‰ç‚¹è¿‡åˆ†ï¼Œä¸çŸ¥é“æ˜¯å…¬å¸æµç¨‹ä¸Šçš„é—®é¢˜ï¼Œè¿˜æ˜¯çº¯ç²¹æœ‰äº›ç¯èŠ‚åœ¨æ‘†çƒ‚ã€‚è¿‘ä¸¤å¹´è¶Šæ¥è¶Šæœ‰ä¸æƒ³ç”¨çš„å¿µå¤´äº†ï¼Œå‰å‡ å¤©é¢„å”®çš„æ—¶å€™ä¹°äº†B4ï¼Œè¿˜æ²¡æ”¶åˆ°è´§ï¼Œå¯¹keepçš„ä¿¡å¿ƒï¼Œè¿™å‡ å¹´çœŸçš„è¢«è€—è´¹å¾—ä¸å‰©å¤ªå¤šäº†ã€‚,text,related,https://itunes.apple.com/cn/review?id=952694580&type=Purple%20Software,2,Application,ç¨‹åº,2
https://itunes.apple.com/cn/reviews/id379044142,swatæµ·,,2022-12-09T14:54:08-07:00,5,7.40.1,9378858532,é—®é¢˜æ¥äº†,ä¸ºä»€ä¹ˆåœ¨è‹¹æœæ‰‹æœºä¸Šæ‰“ä¸å¼€è½¯ä»¶äº†,text,related,https://itunes.apple.com/cn/review?id=952694580&type=Purple%20Software,0,Application,ç¨‹åº,0
https://itunes.apple.com/cn/reviews/id1427175442,qpqppqpqppqpqppq,,2022-12-09T09:05:04-07:00,1,7.40.1,9378032727,åƒåœ¾ï¼ğŸ˜¡ğŸ˜¡ğŸ˜¡ğŸ˜¡,æŠŠè‡ªåŠ¨ç»­è´¹ç»™æˆ‘å»æ‰ï¼ä¸çŸ¥ä¸è§‰æ‚„æ‚„çš„æ‰£äº†æˆ‘19å…ƒçœŸåƒåœ¾æœäº†ï¼ï¼ï¼,text,related,https://itunes.apple.com/cn/review?id=952694580&type=Purple%20Software,0,Application,ç¨‹åº,0
https://itunes.apple.com/cn/reviews/id1095070465,smglqbz,,2022-12-09T06:27:20-07:00,2,7.40.1,9377561844,ä¸å¥½,è€æ˜¯æ”¹ç•Œé¢æ˜¯ä¸æ˜¯æœ‰æ¯›ç—… å¥½ç«¯ç«¯çš„åˆæ‰¾ä¸åˆ° æ”¾å¼ƒäº†,text,related,https://itunes.apple.com/cn/review?id=952694580&type=Purple%20Software,0,Application,ç¨‹åº,0
https://itunes.apple.com/cn/reviews/id1197248167,laji keep,,2022-12-09T06:19:38-07:00,1,7.40.1,9377537379,å®æ„Ÿéª‘æ€»æ˜¯æ–­è”,ä¹°ä¸ªkeepçš„åŠ¨æ„Ÿå•è½¦ï¼Œéª‘å®æ„Ÿæ ‡å‡†æ¨¡å¼ï¼Œæ¯æ¬¡éª‘éƒ½èƒ½æ–­è¿ï¼Œè®¡æ—¶ä¸åœï¼Œå…¬é‡Œæ•°åœï¼Œæ¯æ¬¡æƒ³ç ´Pbï¼Œå°±æ¥å‡ æ¬¡åœï¼Œè¿˜æ€ä¹ˆéª‘ï¼Œåƒåœ¾appï¼Œä¸è¡Œå°±æœ¬åœ°ç¼“å­˜å•Šï¼Œä¼šä¸ä¼šè®¾è®¡è½¯ä»¶,text,related,https://itunes.apple.com/cn/review?id=952694580&type=Purple%20Software,0,Application,ç¨‹åº,0
https://itunes.apple.com/cn/reviews/id604096114,aaaaariver,,2022-12-09T06:04:07-07:00,1,7.40.1,9377487255,æŠ•å±40åˆ†é’Ÿçš„è¯¾å¡æ‰ä¸ƒå…«æ¬¡,ä½“éªŒå¤ªå·®äº† bugä¸¤å¤©è¿˜ä¸ä¿®å¤,text,related,https://itunes.apple.com/cn/review?id=952694580&type=Purple%20Software,1,Application,ç¨‹åº,1
https://itunes.apple.com/cn/reviews/id325893332,æ‰‹ç¯ç”¨æˆ·2356,,2022-12-09T00:20:46-07:00,3,7.40.1,9376584490,Apple watch ä¸Šçš„ä½¿ç”¨é—®é¢˜,ä¹‹å‰å¯ä»¥åœ¨æ‰‹è¡¨ä¸Šç›´æ¥æš‚åœæˆ–è€…é€‰ä¸Šä¸€ä¸ªä¸‹ä¸€ä¸ªï¼Œæ›´æ–°ä¹‹åä¸è¡Œäº†,text,related,https://itunes.apple.com/cn/review?id=952694580&type=Purple%20Software,0,Application,ç¨‹åº,0
https://itunes.apple.com/cn/reviews/id1295962448,ä¸ä¸ºçˆ±è€Œæˆ˜,,2022-12-08T19:05:45-07:00,1,7.40.1,9375897969,å¥–ç‰Œéƒ½åå‡ å¤©äº†è¿˜æ²¡å‘è´§,å‘è´§ç‰¹åˆ«å¿™,text,related,https://itunes.apple.com/cn/review?id=952694580&type=Purple%20Software,0,Application,ç¨‹åº,0
https://itunes.apple.com/cn/reviews/id333140492,é»‘çŒ«ä¼šå’¬äºº,,2022-12-08T17:42:49-07:00,1,7.40.1,9375691754,æ´»åŠ¨ç©ä¸èµ·å°±åˆ«ç©,ä¸€ä¸ªå¥–ç›˜è¿˜å¤‡ä¸å¤Ÿè´§ï¼Œè¿˜æ•¢å¼€æ´»åŠ¨ï¼Œæ¶å¿ƒè°å‘¢ï¼Ÿ,text,related,https://itunes.apple.com/cn/review?id=952694580&type=Purple%20Software,0,Application,ç¨‹åº,0
https://itunes.apple.com/cn/reviews/id1475628613,rayrayâ€¦â€¦1,,2022-12-08T17:31:11-07:00,1,7.40.1,9375663090,è¿™æ›´çš„ä»€ä¹ˆç©æ„,åˆé›†ä¹±ä¸ƒå…«ç³Ÿï¼Œä¸ªäººæ•°æ®ä¹±ä¸ƒå…«ç³Ÿï¼Œé¦–é¡µå…¨æ˜¯æ¨èï¼Œä¸ªäººä¸»é¡µçªå‡ºåŠ¨æ€å›¾ç‰‡ï¼Œæ— è¯­,text,related,https://itunes.apple.com/cn/review?id=952694580&type=Purple%20Software,1,Application,ç¨‹åº,1
https://itunes.apple.com/cn/reviews/id566695655,78764259,,2022-12-08T08:56:47-07:00,1,7.40.1,9374442004,åƒåœ¾å †è½¯ä»¶,æ— ç©·çš„è‡ªåŠ¨è·³å‡ºçš„åŠ¨ç”»æŒ‡å¼•æç¤ºï¼Œè¿åŠ¨ç•Œçš„pddï¼Œæ„Ÿè§‰è¿›äº†åƒåœ¾å †ï¼Œå¤§é‡çš„è‹è‡ä»å››é¢å…«æ–¹æ‰‘ä¸Šæ¥ï¼Œå°±ä¸èƒ½å¹²å¹²å‡€å‡€ã€ç®€ç®€å•å•è®©ç”¨æˆ·è‡ªå·±é€‰æ‹©éœ€è¦çš„åŠŸèƒ½å—ï¼Ÿï¼ï¼ï¼ï¼ï¼ï¼ï¼ï¼,text,related,https://itunes.apple.com/cn/review?id=952694580&type=Purple%20Software,1,Application,ç¨‹åº,1
https://itunes.apple.com/cn/reviews/id507952076,558800.,,2022-12-08T05:41:46-07:00,1,7.40.1,9373868430,éª—å­å…¬å¸,æœ€è¿‘æ–°ä¸Šæ¶äº†æ‰‹ç¯4.æ—©ä¸Šæˆ‘åŠ äº†è´­ç‰©è½¦æ˜¾ç¤ºå¤§çº¦224å·¦å³çš„ä»·æ ¼ï¼Œå› è€ƒè™‘æ€§ä»·æ¯”ï¼Œæš‚æ—¶æ²¡æœ‰ä»˜æ¬¾ï¼Œåˆ°äº†æ™šä¸Šæƒ³è¦ä»˜æ¬¾çš„æ—¶å€™ï¼Œç«Ÿç„¶æ˜¾ç¤º289.è¯·é—®è´µå…¬å¸æ˜¯ä¸æ˜¯åƒå‡†äº†æˆ‘æƒ³è¦è¿™æ‰‹ç¯ï¼Œç§è‡ªæ”¹åŠ¨ä»·æ ¼ï¼Œè¿˜æ˜¯å¤§æ•°æ®æ€ç†Ÿï¼Œ2.3æˆ‘éƒ½æœ‰æ˜¯ä¸æ˜¯ç»™ä½ ä»¬æˆ‘å¾ˆéœ€è¦çš„æ„Ÿè§‰ï¼Œä½ ä»¬å°±å¯ä»¥è‚†æ— å¿Œæƒ®çš„éª—é’±,text,related,https://itunes.apple.com/cn/review?id=952694580&type=Purple%20Software,0,Application,ç¨‹åº,0
https://itunes.apple.com/cn/reviews/id1475425266,iuuurrroo,,2022-12-08T03:11:36-07:00,4,7.40.1,9373438713,keepæ´»åŠ¨,æ—¢ç„¶åœ¨å„å¤§å¹³å°éƒ½å®£ä¼ å¥–ç‰Œ é‚£èƒ½ä¸èƒ½å¤šæ•´å‡ ä¸ªåº“å­˜ ä¸€ä¸å°å¿ƒå°±æ»¡é¢äº† çœŸçš„æ²¡æ„æ€,text,related,https://itunes.apple.com/cn/review?id=952694580&type=Purple%20Software,0,Application,ç¨‹åº,0
https://itunes.apple.com/cn/reviews/id1437578166,gsgjwvvs,,2022-12-07T16:35:29-07:00,1,7.40.1,9372017364,ï¼Ÿ,æˆ‘è¾›è¾›è‹¦è‹¦ç»ƒäº†äºŒåå‡ åˆ†é’Ÿï¼Œåªæ˜¯å› ä¸ºæ²¡ç»ƒå®Œä¸ç»™æˆ‘è®°æˆç»©å—,text,related,https://itunes.apple.com/cn/review?id=952694580&type=Purple%20Software,1,Application,ç¨‹åº,1
https://itunes.apple.com/cn/reviews/id356111835,å‡¡å‡¡deå°çª,,2022-12-07T05:44:11-07:00,1,7.40.0,9370395035,å¸¸ç”¨ç•Œé¢æ”¹çš„é¢‘ç¹ä¸”çæ”¹,ä¸ºäº†å˜ç°ä¹Ÿåˆ«ç»å¸¸æ”¹åŠ¨å¸¸ç”¨ç•Œé¢å•Šï¼Ÿæ”¹äº†å‡ æ¬¡äº†ï¼Ÿç»å¸¸ç”¨çš„è¯¾ç¨‹éƒ½æ‰¾ä¸åˆ°äº†ï¼Œåƒåœ¾äº§å“ç»ç†,text,related,https://itunes.apple.com/cn/review?id=952694580&type=Purple%20Software,1,Application,ç¨‹åº,1
https://itunes.apple.com/cn/reviews/id1475071996,8809397,,2022-12-07T01:21:56-07:00,2,7.40.0,9369713944,ç•Œé¢ç¹ç,Keep15å¹´å°±åœ¨ç”¨äº†ï¼Œæ›´æ–°çš„ç•Œé¢è¶Šæ¥è¶Šä¹±ï¼Œæ²¡æœ‰è§„å¾‹ï¼Œä¸ç®€æ´ï¼Œä»¥å‰åŠŸèƒ½éƒ½ä¸çŸ¥é“åœ¨å“ªäº†,text,related,https://itunes.apple.com/cn/review?id=952694580&type=Purple%20Software,1,Application,ç¨‹åº,1
https://itunes.apple.com/cn/reviews/id380263496,å°±èƒ½èƒ½èƒ½è§£å†³,,2022-12-07T00:36:46-07:00,1,7.40.0,9369616035,è·‘æ­¥è®°æ­¥è®¡æ—¶ä¸¥é‡ä¸å‡†,å¦‚é¢˜ å°‘è®°å…«ç™¾ç±³å·¦å³ é€Ÿåº¦æ¯”å®é™…æ…¢ä¸€åˆ†é’Ÿ,text,related,https://itunes.apple.com/cn/review?id=952694580&type=Purple%20Software,2,Application,ç¨‹åº,2
https://itunes.apple.com/cn/reviews/id1272013008,åŠ æ²¹æ²¹çœ‹çœ‹,,2022-12-07T00:33:18-07:00,5,7.40.0,9369608526,å¯ä»¥,è¿˜è¡Œ,text,related,https://itunes.apple.com/cn/review?id=952694580&type=Purple%20Software,0,Application,ç¨‹åº,0
https://itunes.apple.com/cn/reviews/id441252328,é­”å¹»åŠ›é‡,,2022-12-06T01:44:16-07:00,1,7.40.0,9366258729,åƒç›¸éš¾çœ‹,ä¹‹å‰å…è´¹çš„è¯¾ç¨‹ç°åœ¨ä¹Ÿå¼€å§‹æ”¶è´¹äº†ï¼Œä½ æ˜¯çœŸçš„ç‰›ï¼Œä¸€æ˜Ÿå¸è½½å†ä¹Ÿä¸ç”¨,text,related,https://itunes.apple.com/cn/review?id=952694580&type=Purple%20Software,0,Application,ç¨‹åº,0
https://itunes.apple.com/cn/reviews/id360295033,Speechä¸¶less,,2022-12-05T17:26:23-07:00,1,7.40.0,9365150598,å¼€å§‹å‰²éŸ­èœå’¯,ç”¨äº†å¥½å‡ å¹´äº†    æ™®é€šè¯¾ç¨‹çªç„¶å˜ä¼šå‘˜ä¸“å±äº†    ç¾æ»‹æ»‹,text,related,https://itunes.apple.com/cn/review?id=952694580&type=Purple%20Software,0,Application,ç¨‹åº,0
https://itunes.apple.com/cn/reviews/id141273085,Iceicepanp,,2022-12-05T06:28:06-07:00,1,7.40.0,9363549677,ä¸ºäº†è¦æˆ‘ä»¬ä¹°ä¼šå‘˜ï¼Œå…è´¹è¯¾ç¨‹æ”¹æ”¶è´¹ï¼åƒåœ¾ï¼,æˆ‘æ˜¯4å¹´çš„keepçš„è€ç”¨æˆ·ï¼Œæˆ‘å‚ä¸æŸä¸ªè¯¾ç¨‹å·²ç»æœ‰366æ¬¡ï¼Œå…¶å®ƒè¯¾ç¨‹ä¹Ÿæœ‰ä¸Šç™¾æ¬¡ï¼Œæˆ‘éå¸¸ä¸è§£çªç„¶ä¹‹é—´è¦æ”¶è´¹ï¼Ÿï¼å‡ ä¸ªè¯¾ç¨‹ä¸€ç›´æ˜¯å…è´¹çš„ï¼Œä¸ºäº†è¦æˆ‘ä»¬ä¹°ä¼šå‘˜æŠŠåŸæœ¬å…è´¹çš„è¯¾ç¨‹æ”¹æˆæ”¶è´¹ï¼Œç®€ç›´å¤ªlowäº†å¤ªæ‰¯äº†ï¼ å¥½ï¼ä½ ä»¬æ•¢æ”¶è´¹ï¼Œæˆ‘è€ä¼šå‘˜å°±æ°¸è¿œé€€å‡ºkeepï¼Œå·®è¯„å¹¶å¸è½½ï¼ä¹Ÿä¼šå‘ŠçŸ¥å¥½å‹å»ç”¨åˆ«çš„appï¼Œè¿™ä¸ªappå·²æ­»ä¸å€¼å¾—å†ç”¨ï¼Œå¾ˆlowå¾ˆåƒåœ¾ã€‚,text,related,https://itunes.apple.com/cn/review?id=952694580&type=Purple%20Software,1,Application,ç¨‹åº,1
https://itunes.apple.com/cn/reviews/id238627419,gdfjud,,2022-12-05T06:17:12-07:00,1,7.40.0,9363517708,è¶Šæ›´è¶Šå·®,2022.12.5ï¼Œä¿®å¤äº†ç”¨æˆ·è¿åŠ¨æ—¶ä¸ç”¨çœ‹æ‰‹æœºçš„bugï¼Œæœ¬æ¥åšè¿åŠ¨50ä¸ªå‰ä¼šæœ‰è¯­éŸ³è®¡æ•°ï¼Œ50ä¸ªä»¥åæ¯åš1ä¸ªä¼šæœ‰ä¸€ä¸ªå®çš„å£°éŸ³ï¼Œç°åœ¨å¥½äº†ï¼Œå’”ä¸€ä¸‹å…¨ç æ²¡äº†ï¼Œæˆ‘ä¹Ÿä¸çŸ¥é“ä½ ä»¬åœ¨æƒ³ä»€ä¹ˆğŸ˜…ç°åœ¨å¾—ä¸€è¾¹ä¸¾å“‘é“ƒä¸€è¾¹ç›¯ç€å±å¹•ï¼Œæ›´æ–°çš„å•¥ç©æ„å„¿ğŸ˜…,text,related,https://itunes.apple.com/cn/review?id=952694580&type=Purple%20Software,1,Application,ç¨‹åº,1
https://itunes.apple.com/cn/reviews/id1189093043,å¼ å–„æ¶›,,2022-12-05T05:06:50-07:00,1,7.40.0,9363306211,è½¯ä»¶è¿›å»åä¼šå¤±çµ,åˆå²è¿›å»ä»€ä¹ˆä¹Ÿç‚¹ä¸åŠ¨,text,related,https://itunes.apple.com/cn/review?id=952694580&type=Purple%20Software,0,Application,ç¨‹åº,0
https://itunes.apple.com/cn/reviews/id716849333,æ¬¢å¤§å¥½æ²³å±±,,2022-12-05T04:56:26-07:00,1,7.40.0,9363275608,ã€‚ã€‚ã€‚ã€‚,ä¸ºå•¥æ‰“å¼€çš„æ—¶å€™æ–°ç”¨æˆ·çš„é‚£ä¸ªæé†’å“ªé‡Œå°±ç‚¹ä¸ä¸‹å»äº†ï¼Œæ¯æ¬¡éƒ½å¡ä½,text,related,https://itunes.apple.com/cn/review?id=952694580&type=Purple%20Software,0,Application,ç¨‹åº,0
https://itunes.apple.com/cn/reviews/id444482007,è¯„è®ºè™«,,2022-12-05T02:48:07-07:00,1,7.40.0,9362928926,ä¿¯å§æ’‘éƒ½è¦æ”¶è´¹äº†,é—ªé€€ä¾ç„¶æ²¡è§£å†³,text,related,https://itunes.apple.com/cn/review?id=952694580&type=Purple%20Software,0,Application,ç¨‹åº,0
https://itunes.apple.com/cn/reviews/id442286683,ç©ç©ç©ç©ç©ç©ç©ç©å‘€,,2022-12-05T02:45:41-07:00,1,7.40.0,9362923300,æ’­æ”¾ä¸äº†,ä¸çŸ¥ä¸ºä»€ä¹ˆæ€»æ˜¯æ’­æ”¾ä¸äº†ï¼Œç™½å±ï¼Œæ˜æ˜æœ‰ç½‘ï¼Œä¹ŸåŒæ„ç”¨4gæµé‡ï¼Œè¿˜æ˜¯æ’­æ”¾ä¸äº†ï¼è€½è¯¯æ—¶é—´ï¼,text,related,https://itunes.apple.com/cn/review?id=952694580&type=Purple%20Software,0,Application,ç¨‹åº,0
https://itunes.apple.com/cn/reviews/id1209282603,æœ€ç¨³è¿”å‚,,2022-12-05T02:12:30-07:00,1,7.40.0,9362848034,ä¸å¥½ï¼ï¼ï¼ï¼,æœ‰äº†è¿™ä¸ªå¤©å¤©è¦åšä½“è‚²ä½œä¸šï¼Œåœè¯¾äº†èƒ½å¥½å¥½æ”¾æ¾ä¸€ä¸‹ï¼Œç»“æœè¿™ä¸ªè½¯ä»¶æå¾—éƒ½ä¸èƒ½ä¼‘æ¯äº†,text,related,https://itunes.apple.com/cn/review?id=952694580&type=Purple%20Software,0,Application,ç¨‹åº,0
https://itunes.apple.com/cn/reviews/id495613096,è™è å‘å’Œé£çš„å‘å¹¿å‘Šè¯´æˆ‘,,2022-12-04T16:12:45-07:00,1,7.40.0,9361544976,ä¸å¥½,ä¸å’‹åœ°ï¼Œå°±æ˜¯è®©ä½ åˆ·é’±æˆ–åˆ·æ—¶é—´,text,related,https://itunes.apple.com/cn/review?id=952694580&type=Purple%20Software,0,Application,ç¨‹åº,0
https://itunes.apple.com/cn/reviews/id467309442,dhuktgofukffjhd,,2022-12-03T22:14:43-07:00,1,7.40.0,9358726076,è®°å½•ä»¥å‰çš„æ•°æ®ä¸è¡Œä¹ˆ,è¿™ä¹ˆå¤šå¹´äº†å‡ºä¸ªè®°å½•æ˜¨å¤©çš„ä½“é‡åŠŸèƒ½ä¸è¡Œä¹ˆï¼Ÿæˆ‘æƒ³è¡¥ä»¥å‰çš„æ•°æ®ä¸è¡Œä¹ˆï¼Ÿè¯¾ç¨‹åˆ·æ–°æ—¶é—´è‡ªå·±è®¾ç½®ä¸è¡Œä¹ˆï¼Œ996çš„äººæ™šå›å®¶ä¸€æ‰“å¼€ä»Šå¤©çš„è¯¾å°±æ²¡äº†ï¼Ÿè®©æˆ‘è®¾ç½®ä¸ªäº”ç‚¹åˆ·æ–°ä¸è¡Œä¹ˆï¼ŸèŠ±é‡Œèƒ¡å“¨çš„åŠŸèƒ½åŠ äº†è¿™ä¹ˆå¤šï¼Œå†åŠ ä¸ªè®°å½•è¿‡å»çš„ä½“é‡èƒ½ç´¯æ­»ä¹ˆï¼Ÿï¼Ÿï¼Ÿ,text,related,https://itunes.apple.com/cn/review?id=952694580&type=Purple%20Software,0,Application,ç¨‹åº,0
https://itunes.apple.com/cn/reviews/id931973680,ç‹‚åšè®°å½•çš„çŒ´è‚‰ä¸,,2022-12-03T19:55:13-07:00,1,7.40.0,9358393170,APPè¶Šæ”¹è¶Šã€Œçƒ‚ã€,4å¹´è€ç”¨æˆ·äº†ï¼Œçœ‹ç€KEEPä¸€æ­¥ä¸€æ­¥æŠŠè‡ªå·±çš„APPæ”¹å¾—è¶Šæ¥è¶Šçƒ‚ã€‚çœ‹å¾—å‡ºæ¥ï¼ŒKEEP APPå›¢é˜Ÿå¯èƒ½è‡ªå·±éƒ½ä¸å–œæ¬¢å¥èº«è¿åŠ¨ï¼Œä¸ç”¨è‡ªå®¶APPçš„å§ï¼Ÿæ ¹æœ¬ä¸äº†è§£å¥èº«äººå£«çš„åŸºæœ¬éœ€æ±‚ã€‚,text,related,https://itunes.apple.com/cn/review?id=952694580&type=Purple%20Software,1,Application,ç¨‹åº,1
https://itunes.apple.com/cn/reviews/id1085989574,çŒè˜ç½‘æŒ‚äº†,,2022-12-03T06:07:51-07:00,1,7.40.0,9356198895,é¡µé¢éƒ½æ˜¯ç»¿è‰²ä¸ç®¡çš„å—,ä½ ä»¬ä¸ç”¨ä¿®å¤çš„å—ï¼Ÿæ‰€æœ‰é¡µé¢éƒ½æ˜¯ç»¿è‰²çš„ï¼Œä½ ä»¬å¹²è„†å€’é—­å§ã€‚æ‰€æœ‰äººåƒéƒ½çœ‹ä¸äº†ï¼Œä½ ä»¬æ²¡æœ‰å¼€å‘äººå‘˜çš„å—ï¼Ÿ,text,related,https://itunes.apple.com/cn/review?id=952694580&type=Purple%20Software,1,Application,ç¨‹åº,1
https://itunes.apple.com/cn/reviews/id414920293,æ— æ•Œç¥å¥‡æš®å…‰,,2022-12-03T05:25:55-07:00,2,7.40.0,9356062175,æ— æ³•è¿æ¥qqéŸ³ä¹,æ‰‹æœºç‰ˆæœ¬çš„è®­ç»ƒéŸ³ä¹å¯ä»¥è¿æ¥qqéŸ³ä¹ï¼Œipadç‰ˆæœ¬ä¸Šç›´æ¥qqéŸ³ä¹æ•´ä¸ªæ²¡æœ‰äº†,text,related,https://itunes.apple.com/cn/review?id=952694580&type=Purple%20Software,0,Application,ç¨‹åº,0
https://itunes.apple.com/cn/reviews/id1197534007,å¤§æ°”è¦åšæŒçš„martin,,2022-12-03T04:13:59-07:00,3,7.40.0,9355841428,xå¼¹å¹•é—®é¢˜,æˆ‘ä¸ºä»€ä¹ˆæ²¡æœ‰å¼¹å¹•åŠŸèƒ½ï¼Ÿ,text,related,https://itunes.apple.com/cn/review?id=952694580&type=Purple%20Software,0,Application,ç¨‹åº,0
https://itunes.apple.com/cn/reviews/id710310526,èµ«èµ«æ­¼å‡»æœº,,2022-12-03T03:59:17-07:00,1,7.40.0,9355799232,æ¢äº†,è€ç”¨æˆ·äº† æ„Ÿè§‰è¶Šæ¥è¶Šä¸è¡Œäº† è¿˜æ˜¯ä»¥å‰å¥½,text,related,https://itunes.apple.com/cn/review?id=952694580&type=Purple%20Software,1,Application,ç¨‹åº,1
https://itunes.apple.com/cn/reviews/id1098961241,è‘£åœ¨ğŸ‘‚,,2022-12-02T22:35:45-07:00,3,7.40.0,9355003451,ç‚¹å¼€è®­ç»ƒè§†é¢‘åªæœ‰å£°éŸ³å‰©ä¸‹å…¨æ˜¯ç»¿å±,â€¦,text,related,https://itunes.apple.com/cn/review?id=952694580&type=Purple%20Software,0,Application,ç¨‹åº,0
https://itunes.apple.com/cn/reviews/id353367558,è¦ä¸æ˜¯æ·˜å®èµ é€ä¼šå‘˜å°±å¸è½½ä¼˜é…·äº†,,2022-12-02T08:15:19-07:00,1,7.40.0,9352908362,å¥èº«å‹å¥½appæŠŠæˆ‘ç­›é€‰æ‰äº†,å¤§éƒ¨åˆ†æ•™ç¨‹éƒ½è¦ä¼šå‘˜äº†â€¦ æˆ‘åº”è¯¥å·²ç»ä¸æ˜¯è¿™ä¸ªappçš„ç›®æ ‡ä¼šå‘˜äº†ï¼Œåˆ äº†å§è¿˜æ˜¯,text,related,https://itunes.apple.com/cn/review?id=952694580&type=Purple%20Software,0,Application,ç¨‹åº,0
https://itunes.apple.com/cn/reviews/id1002031325,å”‰ã€‚ä¸èƒ½èµ·å,,2022-12-02T05:47:15-07:00,4,7.40.0,9352452872,è¿åŠ¨èƒ½åŠ›æµ‹è¯•,è¿åŠ¨èƒ½åŠ›æµ‹è¯•åœ¨å“ªé‡Œ  æ‰¾ä¸åˆ°äº†  åªæœ‰ä»¥å‰ä½æµ‹è¯•è®°å½•  å¼€å§‹æµ‹è¯•çš„æŒ‰é’®åœ¨å“ª,text,related,https://itunes.apple.com/cn/review?id=952694580&type=Purple%20Software,0,Application,ç¨‹åº,0
https://itunes.apple.com/cn/reviews/id986023075,yikepingchangxin,,2022-12-02T02:25:31-07:00,3,7.40.0,9351877509,ç•Œé¢å¤ªæ··ä¹±äº†ï¼,é€‰è¿åŠ¨ç›®æ ‡çš„æ—¶å€™æˆ‘ç‚¹é”™äº†ç‚¹æˆäº†â€œè…°è…¹â€ï¼Œç»“æœè¿˜æ²¡è®©æˆ‘ç¡®è®¤å°±é€€å‡ºäº†é€‰æ‹©ç•Œé¢ï¼Œç„¶åç»™æˆ‘æ¨ä¸€å¤§å †è¯¾ã€‚å°±è¿™ä¹ˆç€æ€¥å–é’±å—ï¼Ÿç„¶åæˆ‘æƒ³æ‰¾ä¿®æ”¹é¡µé¢ä¹Ÿæ‰¾ä¸åˆ°ï¼çƒ¦æ­»äº†ã€‚,text,related,https://itunes.apple.com/cn/review?id=952694580&type=Purple%20Software,0,Application,ç¨‹åº,0
https://itunes.apple.com/cn/reviews/id291272598,å°å¼€æ‹³,,2022-12-01T22:26:03-07:00,1,7.40.0,9351354360,éª—å­è½¯ä»¶,ä»˜å®Œé’±æ˜¾ç¤ºè®¢é˜…æˆåŠŸ åœ¨æˆ‘çš„è¿åŠ¨é‡Œé¢çœ‹è¯¾ç¨‹ é¡µé¢æ€ä¹ˆç‚¹ä¹Ÿæ²¡ååº”ï¼Œå¤§é€€appååˆè®©ä½ é‡æ–°å½•å…¥ä¿¡æ¯,text,related,https://itunes.apple.com/cn/review?id=952694580&type=Purple%20Software,0,Application,ç¨‹åº,0
https://itunes.apple.com/cn/reviews/id567840400,GSW sc,,2022-12-01T16:04:13-07:00,1,7.39.1,9350470834,è€—ç”µé‡å¼‚å¸¸ï¼Œå·²å¸è½½,ä¸€æ™šä¸ŠæŠŠæˆ‘ç”µææ²¡äº†ï¼Œæ—©ä¸Šèµ·æ¥éƒ½å¼€ä¸äº†æœºï¼Œå»ç”µé‡ç®¡ç†é‡Œé¢æ‰å‘ç°æ˜¯è¿™ä¸ªappï¼Œåå°æ´»åŠ¨å’ŒéŸ³é¢‘,text,related,https://itunes.apple.com/cn/review?id=952694580&type=Purple%20Software,0,Application,ç¨‹åº,0
https://itunes.apple.com/cn/reviews/id225374146,æ²æ²0704,,2022-12-01T07:24:19-07:00,2,7.39.1,9349172142,å½•æ’­è¯¾ç¨‹è§†é¢‘ç»¿å±,æœ€è¿‘çªç„¶æ‰“å¼€å½•æ’­è¯¾ç¨‹å è¯¾ç¨‹åªæœ‰å£°éŸ³ å›¾åƒå…¨éƒ¨ç»¿å±æ— æ³•æ’­æ”¾ é€€å‡º é‡å¯ åˆ é™¤ æ›´æ–°è‡³æœ€æ–°ç‰ˆæœ¬å‡æ— æ³•è§£å†³ åªèƒ½å¸è½½app é€‰æ‹©æŠ–éŸ³è¿åŠ¨ è¿˜æ˜¯å¸Œæœ›å¸®å¿™è§£å†³ï½,text,related,https://itunes.apple.com/cn/review?id=952694580&type=Purple%20Software,0,Application,ç¨‹åº,0
https://itunes.apple.com/cn/reviews/id352536197,çƒˆé˜³orochi,,2022-11-30T20:31:49-07:00,2,7.39.1,9347519271,äº§å“æ›´æ–°éœ€è°¨æ…,"èƒŒæ™¯ï¼šæœ€è¿‘ä¸€ä¸ªæœˆæ²¡æœ‰æ‰“å¼€è¿‡keepï¼Œè®¾ç½®appè‡ªåŠ¨æ›´æ–°ã€‚
11.30æ‰‹æœºç”µé‡æ¶ˆè€—å¼‚å¸¸ï¼ŒæŸ¥ç”µæ± æ˜¾ç¤ºkeepæŒç»­åå°è¿è¡Œ+å¯ç”¨éŸ³é¢‘18å°æ—¶ï¼Œå å½“æ—¥ç”µé‡50%ã€‚
ç”µæ± è®°å½•å·²æˆªå›¾ï¼Œè½¯ä»¶å·²å¸è½½ã€‚
å¦‚æœæ˜¯bugè¯·åŠæ—¶ä¿®å¤ï¼Œå¹¶è¯´æ˜åŸå› ï¼Œæ„Ÿè°¢",text,related,https://itunes.apple.com/cn/review?id=952694580&type=Purple%20Software,0,Application,ç¨‹åº,0
https://itunes.apple.com/cn/reviews/id438268867,125477411å…ƒ,,2022-11-30T06:24:18-07:00,1,7.39.1,9345337066,ä¸‹è½½é€Ÿåº¦æ…¢,æ˜¯çœŸçš„æ…¢ï¼ï¼ï¼ï¼,text,related,https://itunes.apple.com/cn/review?id=952694580&type=Purple%20Software,0,Application,ç¨‹åº,0
https://itunes.apple.com/cn/reviews/id208990449,halechan,,2022-11-30T04:46:27-07:00,3,7.39.1,9345031629,apple watchç‰ˆè‡ªåŠ¨ç”Ÿæˆéª‘è½¦æ•°æ®,apple watch keepè·Ÿéšæ™®é€šæ•™ç¨‹å¼€å§‹è®­ç»ƒï¼Œç»“æŸåä¼šè‡ªåŠ¨ç”Ÿæˆä¸€ä¸ªæ—¶é—´éšæœºçš„éª‘è½¦æ•°æ®ï¼Œè¿™bugä¹Ÿæ˜¯æ— è¯­äº†,text,related,https://itunes.apple.com/cn/review?id=952694580&type=Purple%20Software,0,Application,ç¨‹åº,0
https://itunes.apple.com/cn/reviews/id1472637191,kangjiting,,2022-11-29T16:34:26-07:00,1,7.39.1,9343334400,è¶Šæ¥è¶Šå¡é¡¿ï¼Œæœæ–­å–æ¶ˆä¼šå‘˜,è¶Šæ¥è¶Šå¡é¡¿ï¼Œæœæ–­å–æ¶ˆä¼šå‘˜,text,related,https://itunes.apple.com/cn/review?id=952694580&type=Purple%20Software,0,Application,ç¨‹åº,0
https://itunes.apple.com/cn/reviews/id254767490,Darth Sylar,,2022-11-29T04:22:04-07:00,1,7.39.1,9341480988,è«åå…¶å¦™å æ‰‹æœºè€—ç”µappæ¦œç¬¬ä¸€,"æœ€è¿‘ä¸¤ä¸ªæœˆéƒ½æ²¡æœ‰æ‰“å¼€è¿‡Keepé”»ç‚¼äº†ï¼Œä»Šå¤©æ‰“å¼€è®¾ç½®é‡Œçš„â€œç”µæ± â€ä¸€çœ‹ï¼ŒKeepå±…ç„¶ä¸€ç›´å æ®è¿‘24å°æ—¶è€—ç”µæ¦œç¬¬ä¸€ï¼è¿‘10å¤©è€—ç”µæ¦œç¬¬äºŒï¼æ˜¾ç¤ºè€—ç”µæ´»åŠ¨ä¸ºâ€œéŸ³é¢‘ï¼Œåå°æ´»åŠ¨â€ï¼æˆ‘çœŸçš„æ˜¯æƒŠäº†ï¼Œæˆ‘æœ€è¿‘ä¸¤ä¸ªæœˆå®Œå…¨æ²¡ç‚¹å¼€è¿‡çš„Appå±…ç„¶ä¸€ç›´æ˜¯ä¸ªè€—ç”µå¤§æˆ·ï¼Œéƒ½ä¸çŸ¥é“æ˜¯åœ¨åå°å¹²å˜›ï¼Ÿ
å»ºè®®å„ä½æœ‹å‹ä»¬çœ‹çœ‹è‡ªå·±iPhoneâ€œç”µæ± â€é‡ŒKeepæ˜¯ä¸æ˜¯è€—ç”µå¤§æˆ·ã€‚çŸ¥é“è¿™ä¸ªç»“æœçš„æˆ‘æ‰“ç®—å¸è½½Keepäº†ï¼ŒçœŸçš„ï¼Œå¸¸å¹´å¦‚æ­¤éå¸¸å½±å“æˆ‘çš„æ‰‹æœºä½¿ç”¨ä½“éªŒå’Œç”µæ± å¯¿å‘½ï¼Œæœäº†ã€‚",text,related,https://itunes.apple.com/cn/review?id=952694580&type=Purple%20Software,1,Application,ç¨‹åº,1
https://itunes.apple.com/cn/reviews/id1120095339,éƒ½å–çš„å•¥åå•Š,,2022-11-28T14:55:58-07:00,1,7.39.1,9339642510,åå°å·è·‘ç”µ,rt æ™šä¸Šè‡ªå·±åœ¨åå°è¿è¡Œ æ—©ä¸Šä¸€ç‚¹ç”µéƒ½æ²¡äº† çœŸæ¶å¿ƒ,text,related,https://itunes.apple.com/cn/review?id=952694580&type=Purple%20Software,0,Application,ç¨‹åº,0
https://itunes.apple.com/cn/reviews/id244686705,ç«æ˜Ÿå¤šå•¦,,2022-11-27T18:52:58-07:00,1,7.39.1,9336725227,padä¸æ”¯æŒæ¨ªå±ï¼Œé¦–é¡µæ¨èä¹Ÿæ— æ³•æŸ¥çœ‹,å¸Œæœ›æ”¹è¿›,text,related,https://itunes.apple.com/cn/review?id=952694580&type=Purple%20Software,0,Application,ç¨‹åº,1
https://itunes.apple.com/cn/reviews/id1400063122,é’Šè€å“¥,,2022-11-27T17:45:39-07:00,1,7.39.1,9336564682,æ¯æ¬¡æ‰“å¼€éƒ½å¼¹å‡ºä¼šå‘˜å¼€é€šç•Œé¢,çœŸæ˜¯æœäº†ï¼Œæ¯æ¬¡æ‰“å¼€éƒ½è¦å¼¹å‡ºä¼šå‘˜å¼€é€šç•Œé¢ï¼ŒçœŸæ˜¯åšæŒä¸æ‡ˆå•Šã€‚,text,related,https://itunes.apple.com/cn/review?id=952694580&type=Purple%20Software,1,Application,ç¨‹åº,1
https://itunes.apple.com/cn/reviews/id1382345314,jgvhhgdd,,2022-11-27T06:40:36-07:00,5,7.39.1,9334845481,iPhone6å¤ªå®¹æ˜“å´©æºƒäº†,äº§å“ä¼˜åŒ–è¿˜æ˜¯ä¸è¡Œå•Š,text,related,https://itunes.apple.com/cn/review?id=952694580&type=Purple%20Software,0,Application,ç¨‹åº,0
https://itunes.apple.com/cn/reviews/id201061166,Bio Nick,,2022-11-27T06:26:39-07:00,4,7.39.1,9334801951,æ–°ç‰ˆæœ¬æ´»åŠ¨æ—¶é—´æ— æ³•åŒæ­¥,æ–°ç‰ˆæœ¬çš„æ´»åŠ¨æ—¶é—´æ— æ³•ä¸å¥èº«è®°å½•appåŒæ­¥,text,related,https://itunes.apple.com/cn/review?id=952694580&type=Purple%20Software,0,Application,ç¨‹åº,0
https://itunes.apple.com/cn/reviews/id455922575,æˆ‘è¿˜æœ‰å¥½å¤šæ¢¦,,2022-11-27T05:42:46-07:00,1,7.39.1,9334664824,ä¼šå‘˜é—®é¢˜,ä»ä¹åŠ¨åŠ›å¼€å§‹ç”¨çš„è½¯ä»¶keepç”¨çš„ç‰¹åˆ«æ—©  ç°åœ¨ä»€ä¹ˆéƒ½è¦ä¼šå‘˜æ²¡ä¼šå‘˜æ‹‰ä¼¸éƒ½ä¸èƒ½çœ‹ æ˜¯çœŸçš„æ¶å¿ƒäº†,text,related,https://itunes.apple.com/cn/review?id=952694580&type=Purple%20Software,0,Application,ç¨‹åº,0
https://itunes.apple.com/cn/reviews/id264665050,Cain8772,,2022-11-27T05:42:25-07:00,1,7.39.1,9334663749,æˆ‘å°±æƒ³é—®é—®å¸•æ¢…æ‹‰ä»€ä¹ˆæ—¶å€™èƒ½æ›´æ–°ï¼,å¸•æ¢…æ‹‰å°†è¿‘ä¸€ä¸ªæœˆä¸æ›´æ–°äº†ï¼Œæ˜¯ä¸åˆä½œäº†ï¼Ÿè¿˜æ˜¯æ€ä¹ˆäº†ï¼Ÿä¹‹å‰è¿˜ä¹°äº†å¥¹çš„è¯¾ï¼Œä¸ä¹°äº†ï¼Ÿ,text,related,https://itunes.apple.com/cn/review?id=952694580&type=Purple%20Software,0,Application,ç¨‹åº,0
https://itunes.apple.com/cn/reviews/id302945716,duduå•¦,,2022-11-27T03:24:33-07:00,3,7.39.1,9334267514,æœ€è¿‘è§†é¢‘æ‰“å¼€éƒ½æ˜¯ç»¿å±ï¼Œæ€ä¹ˆå›äº‹ï¼Ÿ,è·Ÿç»ƒè§†é¢‘æ‰“å¼€éƒ½æ˜¯ç»¿å±ï¼Œæ— æ³•è·Ÿç»ƒï¼Œç›´æ’­å¯ä»¥çœ‹ï¼Œæ­£å¸¸çš„ã€‚,text,related,https://itunes.apple.com/cn/review?id=952694580&type=Purple%20Software,0,Application,ç¨‹åº,0
https://itunes.apple.com/cn/reviews/id505711838,æ˜Ÿå®‡â€”â€”,,2022-11-27T01:51:16-07:00,5,7.39.1,9334031952,åæˆ‘è®°å½•,è®°å½•å‘¢ï¼Ÿ,text,related,https://itunes.apple.com/cn/review?id=952694580&type=Purple%20Software,0,Application,ç¨‹åº,0
https://itunes.apple.com/cn/reviews/id449372599,æ½‡æ´’å…ƒå›,,2022-11-27T01:12:25-07:00,1,7.39.1,9333936804,ç»ƒäº†ä¸¤å¹´å¤š,ä¸¥æ ¼æŒ‰ç…§è¿åŠ¨é¥®é£Ÿåƒï¼Œå“ï¼Œæ²¡æ•ˆæœï¼Œé¡µé¢èŠ±é‡Œèƒ¡å“¨ï¼Œå……å€¼äº†ä¼šå‘˜ï¼Œè¯¾ç¨‹æ²¡ä½œç”¨ï¼Œç®—äº†ï¼Œå†è§ã€‚,text,related,https://itunes.apple.com/cn/review?id=952694580&type=Purple%20Software,0,Application,ç¨‹åº,0
https://itunes.apple.com/cn/reviews/id336029975,\å¥”æ³¢å„¿éœ¸ï¼,,2022-11-26T23:53:49-07:00,1,7.39.1,9333746995,æ²¡æœ‰å«æ˜Ÿåœ°å›¾,å®šä½æƒé™å…¨éƒ½æ‰“å¼€äº†è·‘å®Œæ­¥å°±æ˜¯æ²¡æœ‰å«æ˜Ÿåœ°å›¾ï¼Œè¿˜ä¸å¦‚äººå®¶å’•å’šå‘¢ã€‚,text,related,https://itunes.apple.com/cn/review?id=952694580&type=Purple%20Software,0,Application,ç¨‹åº,0
https://itunes.apple.com/cn/reviews/id480059817,juning11,,2022-11-26T15:23:44-07:00,1,7.39.1,9332528868,ä¸ºä»€ä¹ˆæ™šä¸Šä¸€ç›´åå°è¿è¡Œï¼Ÿ,ä¸ºä»€ä¹ˆä¸€åˆ°æ™šä¸ŠåäºŒç‚¹åå°±åå°è¿è¡Œï¼Ÿä½ ä»¬åœ¨å¹²ä»€ä¹ˆï¼Ÿ,text,related,https://itunes.apple.com/cn/review?id=952694580&type=Purple%20Software,1,Application,ç¨‹åº,1
https://itunes.apple.com/cn/reviews/id1031377427,æè•‰äºº,,2022-11-26T08:41:29-07:00,1,7.39.1,9331506545,è¿˜æ˜¯å–œæ¬¢æœ‰â€œå¾½ç« â€åˆ†ç±»ä¸€è§ˆ,"ä¸€ç›´çˆ±ç”¨keepã€‚ä¹‹å‰è§‰å¾—â€œåŸå¸‚å¾½ç« â€å¥½å¥½ï¼Œæ¯å»åˆ°ä¸€ä¸ªçœä»½å°±ä¼šæƒ³é©¬ä¸Šæ¢ä¸Šè·‘æ­¥è¡£æœå»è·‘ä¸€ä¸‹ã€‚ä½†ç°åœ¨å¥½åƒæ‰¾ä¸åˆ°â€œåˆ†ç±»â€ï¼Œæ‰€ä»¥è‡ªå·±åœ¨å“ªé‡Œè·‘è¿‡ä¹Ÿæ— æ³•ä¸€è§ˆã€‚è¿˜æœ‰ä¾‹å¦‚â€œèŠ‚æ°”â€ä¹Ÿæ˜¯ã€‚å¸Œæœ›å¯ä»¥ä¸‹ä¸€ä¸ªç‰ˆæœ¬èƒ½åŠ å›å»ã€‚
2022/11æœˆæ›´æ–°keepåï¼Œiwatchæ˜¾ç¤ºå˜å°äº†ï¼è€Œä¸”è·‘æ­¥çœ‹ä¸åˆ°å¿ƒç‡ï¼è¿™ä¹ˆé‡è¦çš„ä¿¡æ¯ç«Ÿç„¶æ²¡å‘ä¸€çœ¼çœ‹åˆ°ï¼Œè¦å·¦æ»‘æ‰èƒ½æ˜¾ç¤ºï¼é©¬æ‹‰æ¾æœŸé—´æœ‰è¿™ä¹ˆå¤šé—²å¿ƒå¤„ç†è¿™äº›å—ï¼Ÿ",text,related,https://itunes.apple.com/cn/review?id=952694580&type=Purple%20Software,0,Application,ç¨‹åº,0
https://itunes.apple.com/cn/reviews/id1307288150,lcjshy,,2022-11-26T06:39:41-07:00,5,7.39.1,9331119799,ææ´»åŠ¨çš„å®šä½åŠ¨ä¸åŠ¨å°±æ¼‚ç§»,ä»Šå¤©è·‘ä¸ªåº“æ´›ç±³ï¼Œå¹¿å·ä½“è‚²ä¸­å¿ƒéƒ½ç»™æˆ‘æ­ªæˆå°é£logo,text,related,https://itunes.apple.com/cn/review?id=952694580&type=Purple%20Software,0,Application,ç¨‹åº,0
https://itunes.apple.com/cn/reviews/id393491019,å¤§æµ·å°è´,,2022-11-26T00:54:51-07:00,1,7.39.1,9330150130,ç°åœ¨çš„keepå°±åƒä¸€ä¸ªäº¤å‹å¹³å°,ç°åœ¨çš„keepå°±åƒä¸€ä¸ªäº¤å‹å¹³å°ï¼Œæ‰“å¼€è½¯ä»¶ä¸æ¯«æ²¡æœ‰æƒ³è®©äººè¿åŠ¨çš„æƒ³æ³•ã€‚å¸äº†ï¼Œè¿˜ä¸å¦‚å»ç©å¤©å¤©è·³ç»³ã€‚,text,related,https://itunes.apple.com/cn/review?id=952694580&type=Purple%20Software,1,Application,ç¨‹åº,1
https://itunes.apple.com/cn/reviews/id1471385040,è¯ºyu,,2022-11-25T21:20:00-07:00,1,7.39.1,9329649484,åå°å·å·è·‘ç”µ,æœ€è¿‘ä¸€å‘¨è§‰å¾—ç”µæ± è€—çš„å¾ˆå¿«ï¼Œå»è®¾ç½®é‡Œçœ‹äº†ä¸‹ã€‚å¥½å®¶ä¼™ï¼Œä¸€å¤©21ä¸ªå°æ—¶å¤škeepéƒ½åœ¨åå°è·‘éŸ³é¢‘ï¼Œå…³é”®æˆ‘å‹æ ¹æ²¡æ‰“å¼€è¿‡è¿™ä¸ªapp~10å¤©è·‘äº†210å¤šä¸ªå°æ—¶ï¼Œå‰å®³å•Š~æœæ–­å¸è½½äº†~,text,related,https://itunes.apple.com/cn/review?id=952694580&type=Purple%20Software,0,Application,ç¨‹åº,0
https://itunes.apple.com/cn/reviews/id1471373661,å¥½å¤šå¥½å¤šå¼€é—¨,,2022-11-25T20:28:56-07:00,1,7.39.1,9329529024,keepä¸è‹¹æœwatchäº’é€šå¤ªå·®,æ¢ç« èŠ‚çš„æ—¶å€™æ€»æ˜¯å¡ç€ä¸åŠ¨ï¼Œé™¤éç‚¹ä¸€ä¸‹æ‰èƒ½åŠ¨ï¼Œè€Œä¸”æ€»æ˜¯ä¼šå¡ï¼Œä¸çŸ¥é“æ˜¯æ‰‹è¡¨çš„é—®é¢˜è¿˜æ˜¯è½¯ä»¶é€‚é…çš„é—®é¢˜ã€‚,text,related,https://itunes.apple.com/cn/review?id=952694580&type=Purple%20Software,0,Application,ç¨‹åº,0
https://itunes.apple.com/cn/reviews/id1435413813,13958470251,,2022-11-25T17:48:20-07:00,5,7.39.1,9329125672,ğŸ†˜,ä¸ºå•¥æˆ‘æ‰“å¼€è¿™ä¸ªè½¯ä»¶ å†™è‡ªå·±çš„èº«é«˜é€‰å¥½ä¹‹åç‚¹ä¸äº†ç¡®å®š åªèƒ½ç‚¹ä»¥åå†å¡« åˆ°åé¢æ˜ŸæœŸå‡ å¡«å†™å°±å•¥ä¹Ÿç‚¹ä¸äº†äº† ğŸ†˜,text,related,https://itunes.apple.com/cn/review?id=952694580&type=Purple%20Software,0,Application,ç¨‹åº,0
https://itunes.apple.com/cn/reviews/id1285254139,ä¸¾ä¸ªæ —å­è›‹ç³•å°±æ˜¯è¯´å§,,2022-11-25T04:19:25-07:00,1,7.39.1,9326905230,åŠå¤œè‡ªåŠ¨å¯åŠ¨è€—ç”µ,æ— è¯­ å¤§åŠå¤œåå¤©è€—ç”µæ˜æ˜éƒ½æ²¡æ‰“å¼€è¿‡ï¼ï¼ï¼ï¼ çœŸçš„æ¨æ¶å¿ƒäººï¼Œç¡å‰80.90çš„ç‚¹æ˜å¤©æ—©ä¸Šèµ·åºŠæ‰‹æœºéƒ½æ²¡ç”µï¼ï¼,text,related,https://itunes.apple.com/cn/review?id=952694580&type=Purple%20Software,0,Application,ç¨‹åº,0
https://itunes.apple.com/cn/reviews/id1471108930,wdkamsn,,2022-11-25T01:30:40-07:00,1,7.39.1,9326482060,ä¸å¥½,åˆšä¸‹è½½äº†æ‰“å¼€ä¸€åˆ° è®¾ç½®æ¯å‘¨å‡ æé†’æˆ‘è¿åŠ¨å°±ç‚¹ä¸äº†äº† å¡åœ¨è¿™ä¸ªé¡µé¢å°±ä¸åŠ¨äº† æ ¹æœ¬æ²¡æœ‰ç”¨ æ¨å‡ºå¥½å‡ æ¬¡éƒ½ä¸èƒ½ç”¨,text,related,https://itunes.apple.com/cn/review?id=952694580&type=Purple%20Software,0,Application,ç¨‹åº,0
https://itunes.apple.com/cn/reviews/id536196896,æŠŠé¥¿äº†å°±,,2022-11-24T17:16:17-07:00,1,7.39.1,9325400390,æ–°ç‰ˆä»€ä¹ˆå•Šï¼Œä½“é‡éƒ½ä¸è‡ªåŠ¨åŒæ­¥,æ–°ç‰ˆçš„keep appèƒ½ä¸èƒ½ä¼˜åŒ–ä¸€ä¸‹ï¼Œä¹‹å‰ä¸Šç§¤å°±èƒ½è‡ªåŠ¨åŒæ­¥ä½“é‡ï¼Œç°åœ¨è¿˜å¾—å„ç§ç‚¹æ¥ç‚¹å»ï¼Œå‡ ç§’å°±æ˜¾ç¤ºä½“é‡æœªæµ‹é‡åˆ°ï¼Œæˆ‘ä¸å¾—æŠŠæ‰‹æœºæ”¾ä¸‹å—ï¼Ÿèƒ½ä¸èƒ½è¡Œäº†,text,related,https://itunes.apple.com/cn/review?id=952694580&type=Purple%20Software,0,Application,ç¨‹åº,0
https://itunes.apple.com/cn/reviews/id418220592,LannSoros,,2022-11-24T10:49:29-07:00,1,7.39.1,9324538637,åˆšä¹°çš„ä¼šå‘˜ï¼Œè§†é¢‘æ‰“å¼€å…¨æ˜¯ç»¿è‰²çš„,çœŸç‰¹ç æ— è¯­äº†ï¼Œè‡ªåŠ¨æ›´æ–°å®Œæ ¹æœ¬å•¥ä¹Ÿç”¨ä¸äº†,text,related,https://itunes.apple.com/cn/review?id=952694580&type=Purple%20Software,0,Application,ç¨‹åº,0
https://itunes.apple.com/cn/reviews/id559025835,æŠµåˆ¶ç¾å›¢ä¸€ç”Ÿä¸€ä¸–,,2022-11-24T07:18:25-07:00,1,7.39.1,9323948341,Apple Watchè®°å½•å¡è·¯é‡Œä¸å‡†,é€šè¿‡Apple Watchè®°å½•çš„å¡è·¯é‡Œä¸å‡†ã€‚ä¹‹å‰å¤§æ¦‚æ˜¯70å·¦å³ï¼Œç°åœ¨å°±æ˜¯37ã€‚å¿ƒç‡ä»€ä¹ˆçš„éƒ½åœ¨é€šè¿‡Apple Watchåœ¨æµ‹ï¼Œä¸å­˜åœ¨æ²¡æµ‹åˆ°å¿ƒç‡ç®—ä¸å‡ºå¡è·¯é‡Œæ¶ˆè€—çš„æƒ…å†µã€‚æ˜æ‘†ç€åœ¨æ¨è‡ªå·±çš„æ‰‹ç¯ã€‚è®²çœŸçš„å¤§ä¸äº†è§†é¢‘ç½‘ç«™ä¸Šè·Ÿåˆ«çš„å¥èº«upåšï¼Œä¹Ÿä¸ä¸€å®šéè¦ç”¨ä½ â€¦,text,related,https://itunes.apple.com/cn/review?id=952694580&type=Purple%20Software,0,Application,ç¨‹åº,0
https://itunes.apple.com/cn/reviews/id606331102,å°çº¢å’Œå°è—•,,2022-11-24T06:13:32-07:00,1,7.39.1,9323751489,ä»€ä¹ˆä¸œè¥¿ï¼Œè¶Šæ›´æ–°è¶Šå·®åŠ²,é—ªé€€ï¼Œé¡µé¢è¶Šæ¥è¶Šéš¾çœ‹ï¼ŒåŠŸèƒ½è¶Šæ¥è¶Šç¹å¤ï¼Œè®°å½•ä¹Ÿä¸å‡†ç¡®ï¼Œå‰å‰ååèŠ±äº†å‡ ç™¾äº†ï¼Œæˆ‘ä¸å¦‚é‚£è¿™ä¸ªé’±å»å¥èº«æˆ¿è‡³å°‘è¿˜èƒ½ç©ç©å™¨æè€Œä¸”è¿˜ä¸ç”¨åœ¨è¿™é‡Œå—ä½ è¿™ä¸ªé‚ªæ°”,text,related,https://itunes.apple.com/cn/review?id=952694580&type=Purple%20Software,0,Application,ç¨‹åº,0
https://itunes.apple.com/cn/reviews/id582447639,å°ğŸ111,,2022-11-24T05:57:11-07:00,4,7.39.1,9323700754,hdç‰ˆ,å»ºè®®å‡ºä¸€ä¸ªipadç‰ˆï¼Œå¯ä»¥æ¨ªå±çš„æ¨¡å¼,text,related,https://itunes.apple.com/cn/review?id=952694580&type=Purple%20Software,0,Application,ç¨‹åº,0
https://itunes.apple.com/cn/reviews/id1254762174,DuniNI6666,,2022-11-24T04:18:42-07:00,1,7.39.1,9323415928,æ ¹æœ¬åŠ¨ä¸äº†åƒåœ¾è½¯ä»¶,åƒåœ¾è½¯ä»¶,text,related,https://itunes.apple.com/cn/review?id=952694580&type=Purple%20Software,0,Application,ç¨‹åº,0
https://itunes.apple.com/cn/reviews/id285076936,Fyihfryihff,,2022-11-24T01:06:00-07:00,4,7.39.1,9322958716,"å¯ä»¥æä¾›,å¿ƒç‡é¢„è­¦å—ï¼Ÿ",è·‘æ­¥æ—¶æœ‰å‡ ç§æ¡ä»¶å¯é€‰ï¼Œé…é€Ÿã€å¡è·¯é‡Œã€è·¯ç¨‹ï¼Œä¸ºä»€ä¹ˆæ²¡æœ‰å¿ƒç‡å¼ºåº¦çš„è¯­éŸ³æç¤ºï¼Ÿ,text,related,https://itunes.apple.com/cn/review?id=952694580&type=Purple%20Software,0,Application,ç¨‹åº,0
https://itunes.apple.com/cn/reviews/id1344695229,å¥³å­©å¼€å£å°±å¾ˆæœ‰,,2022-11-23T04:49:45-07:00,1,7.39.1,9320037587,ä¸‹è½½çš„æ…¢çš„ä¸€æ‰¹,ï¼Œ,text,related,https://itunes.apple.com/cn/review?id=952694580&type=Purple%20Software,0,Application,ç¨‹åº,0
https://itunes.apple.com/cn/reviews/id1250082553,æˆ‘æ˜¯wwwwwww,,2022-11-23T04:15:04-07:00,2,7.39.1,9319937072,ä¸ºä»€ä¹ˆè¿›ä¸å»å•Š,ç‚¹äº†å¥½å¤šé,text,related,https://itunes.apple.com/cn/review?id=952694580&type=Purple%20Software,0,Application,ç¨‹åº,0
https://itunes.apple.com/cn/reviews/id533978793,tomæ‰æ¯›çš„å°å±‹,,2022-11-23T03:21:45-07:00,3,7.39.1,9319793734,æ–°ç‰ˆæœ¬ä¸å¥½,æˆ‘æƒ³å¿«é€Ÿçœ‹è‡ªå·±æ”¶è—çš„è¯¾ç¨‹ã€‚éƒ½ç»™è—æ²¡äº†ã€‚å¢¨è¿¹æ­»äº†,text,related,https://itunes.apple.com/cn/review?id=952694580&type=Purple%20Software,0,Application,ç¨‹åº,0
https://itunes.apple.com/cn/reviews/id1159881072,12306ä»Šå¤©å»æ­»äº†å—,,2022-11-23T03:00:53-07:00,4,7.39.1,9319741348,æ’­æ”¾è§†é¢‘ä¼šç»¿å±,ä¸€å¼€å§‹è¿˜å¾ˆæ­£å¸¸ï¼Œä»å‰ä¸¤å¤©å¼€å§‹å°±ç»¿å±äº†ï¼Œæ‰€æœ‰çš„è§†é¢‘éƒ½æ˜¯ã€‚ä¸€å¼€å§‹è¿˜ä»¥ä¸ºæ˜¯æˆ‘æ‰‹æœºçš„é—®é¢˜ï¼Œé‡å¯äº†ä¹‹åè¿˜æ˜¯è¿™æ ·ã€‚æŠŠé—®é¢˜åé¦ˆäº†ä½†æ˜¯æ²¡æœ‰æ”¶åˆ°ä»»ä½•å›å¤å’Œæ¶ˆæ¯ï¼Œåªèƒ½åˆ é™¤è½¯ä»¶é‡æ¥ï¼Œå¹¸äºè¿åŠ¨çš„æ•°æ®è¿˜èƒ½ä¿å­˜åœ¨iphoneè‡ªå¸¦çš„å¥åº·appé‡Œï¼Œå¦åˆ™æ•°æ®å°±å…¨æ²¡äº†ï¼Œå¸Œæœ›é‡æ–°ä¸‹è½½ä¹‹åèƒ½è§£å†³ç»¿å±çš„é—®é¢˜å§ã€‚,text,related,https://itunes.apple.com/cn/review?id=952694580&type=Purple%20Software,0,Application,ç¨‹åº,0
https://itunes.apple.com/cn/reviews/id927150752,æ¢¦æŒš,,2022-11-23T01:47:51-07:00,1,7.39.1,9319573206,æ€ä¹ˆè¿™ä¹ˆå¡å•Š,æ‰‹æœºç”¨çš„xsmaxåŠ è½½é¡µé¢çš„æ—¶å€™è¦ç­‰åŠåˆ†é’Ÿå¤šï¼åˆ«çš„è½¯ä»¶ä¸€ç‚¹ä¸å¡ï¼Œåªæœ‰keepï¼Œèƒ½ä¸èƒ½ä¼˜åŒ–ä¼˜åŒ–å•Š,text,related,https://itunes.apple.com/cn/review?id=952694580&type=Purple%20Software,0,Application,ç¨‹åº,0
https://itunes.apple.com/cn/reviews/id507395142,å°è¯•å°è¯•å°è¯•,,2022-11-23T00:29:37-07:00,1,7.39.1,9319403271,åˆ«è“–éº»æ”¹äº†ï¼ï¼ï¼,"ä¸€ä¸ªé¥®é£Ÿè®°å½•åŠŸèƒ½ä¸€ä¸ªæœˆå°±è¦å¤§æ”¹ä¸€æ¬¡ï¼
åˆšé€‚åº”äº†åˆæ”¹ï¼
è€Œä¸”è¶Šæ¥è¶Šéš¾ç”¨ï¼
äº§å“ç»„æ˜¯ä¸æ˜¯åœ¨å†…æ–—å•Šï¼Ÿ",text,related,https://itunes.apple.com/cn/review?id=952694580&type=Purple%20Software,0,Application,ç¨‹åº,0
https://itunes.apple.com/cn/reviews/id1269806709,å°†buæ©èµ,,2022-11-22T15:31:42-07:00,1,7.39.1,9318228459,åå°å·ç”µ,å¾ˆä¹…æ²¡æœ‰æ‰“å¼€è¿‡äº†ï¼Œåå°æ—©å°±æ¸…äº†ï¼Œä½†æ˜¯ä¸€ç›´åœ¨åå°å·å·è€—ç”µï¼Œæ¶å¿ƒã€‚,text,related,https://itunes.apple.com/cn/review?id=952694580&type=Purple%20Software,0,Application,ç¨‹åº,0
https://itunes.apple.com/cn/reviews/id518787057,è£ä¸‰é‡‘9988,,2022-11-22T06:21:42-07:00,3,7.39.1,9316871757,ä¸ºä»€ä¹ˆè®­ç»ƒè¿‡ç¨‹ä¸­å…³ä¸äº†éš¾å¬çš„èƒŒæ™¯éŸ³ä¹ï¼Ÿ,éš¾å¬çš„èƒŒæ™¯éŸ³ä¹ä¸å¯ä»¥å…³é—­,text,related,https://itunes.apple.com/cn/review?id=952694580&type=Purple%20Software,0,Application,ç¨‹åº,0
https://itunes.apple.com/cn/reviews/id1255851506,152579635,,2022-11-22T05:37:35-07:00,1,7.39.1,9316740202,èƒ½ä¸èƒ½åˆ«å¼ºåˆ¶å¼€æ¶ˆæ¯é€šçŸ¥,ä¸è¦å¼ºåˆ¶ç”¨æˆ·å¼€å¯é€šçŸ¥ï¼Œå› ä¸ºä¸æƒ³å¼€æ‰€ä»¥å…³çš„ï¼Œæ¯å¤©æé†’æˆ‘å¼€ï¼Œä¸å¼€å°±å¾—é€€å‡ºè½¯ä»¶å†æ‰“å¼€æ‰èƒ½ç”¨ï¼Œçƒ¦ä¸çƒ¦å•Š,text,related,https://itunes.apple.com/cn/review?id=952694580&type=Purple%20Software,0,Application,ç¨‹åº,0
https://itunes.apple.com/cn/reviews/id1010524943,ä¸ºä»€ä¹ˆä¸æ˜æ‰£è´¹,,2022-11-22T02:43:48-07:00,5,7.39.1,9316276411,éå¸¸ä¸é”™çš„è½¯ä»¶,ä¸€ç›´ç”¨è¿™é‡Œé¢çš„è½¯ä»¶ï¼Œå¦‚æœèƒ½ä¸€ç›´å…è´¹å°±ok,text,related,https://itunes.apple.com/cn/review?id=952694580&type=Purple%20Software,0,Application,ç¨‹åº,0
https://itunes.apple.com/cn/reviews/id843367299,ç”³åšæ¶µ,,2022-11-22T00:48:35-07:00,5,7.39.1,9316027528,keepæŒºå¥½çš„,æˆ‘è·Ÿç€åšäº†ä¸€ä¸ªè¿åŠ¨åšäº†5å‘¨å°±ç˜¦äº†20æ–¤ï¼Œæˆ‘è§‰å¾—å®ƒæ²¡ä»€ä¹ˆä¸å¥½çš„ã€‚,text,related,https://itunes.apple.com/cn/review?id=952694580&type=Purple%20Software,0,Application,ç¨‹åº,0
https://itunes.apple.com/cn/reviews/id1042183164,äº†ç„¶å‘.,,2022-11-20T15:16:18-07:00,3,7.39.1,9311371054,keepç°åœ¨æ€ä¹ˆäº†,ä¸€ä¸ªå¶ç„¶çš„æœºä¼šä¸‹è½½äº†keep ä¹‹åä¾¿å†ä¹Ÿæ²¡æœ‰åˆ é™¤è¿‡ åæ­£è·‘æ­¥çš„æ—¶å€™ä¸€ç›´ç”¨æ¥è®°å½• ä½†æ˜¯ ç”±äºè¿™å­¦æœŸæœ‰äº›å­¦ä¹ ä¸Šçš„ä»»åŠ¡ æ²¡æ—¶é—´è·‘æ­¥ å°±æ²¡å†è·‘äº† keepåå°è€æ˜¯è‡ªåŠ¨å¼€å¯ æˆ‘ä¸çŸ¥é“keepåœ¨å¹²å˜› æ¯å¤©ä¸€ç›´è‡ªå·±è€—ç”µ æˆ‘éƒ½å…³é—­äº†åå°è¿è¡Œ è¿˜è¿™æ · å¥½å‡ æ¬¡æ—©ä¸Šèµ·æ¥ç›´æ¥æ²¡ç”µ å¯¼è‡´é—¹é’Ÿç›´æ¥æ²¡äº† æˆ‘çœŸæœäº† åå°å·ç”µè¿™ä¸ªbug èµ¶ç´§è§£å†³å§ å¤ªæ¶å¿ƒäººäº†,text,related,https://itunes.apple.com/cn/review?id=952694580&type=Purple%20Software,0,Application,ç¨‹åº,0
https://itunes.apple.com/cn/reviews/id501265681,èŠ’æœçš„ä¼šå‘˜å•Šï¼,,2022-11-20T04:27:04-07:00,2,7.39.1,9309320577,ä¸ºä»€ä¹ˆç¡¬è¦åœ¨æ¯ä¸ªè§†é¢‘å‰åŠ   ä¸‰äºŒä¸€GOï¼çƒ¦æ­»äº†çƒ¦æ­»äº†çƒ¦æ­»äº†çƒ¦æ­»äº†çƒ¦æ­»äº†,åŸè§†é¢‘å°±å¯ä»¥äº†ï¼ï¼ï¼,text,related,https://itunes.apple.com/cn/review?id=952694580&type=Purple%20Software,0,Application,ç¨‹åº,0
https://itunes.apple.com/cn/reviews/id256190306,æ— æµ¯å·®è¯„,,2022-11-20T02:59:28-07:00,1,7.39.1,9309071987,ä»–å·²ç»æç¤ºæˆ‘è·‘äº†1å…¬é‡Œäº†ï¼Œå¯æ˜¯æˆ‘è¿™ä¹ˆä¸€æ‰“å¼€çš„è¯ï¼Œç„¶åå†™äº†ä¸ª0.89æˆ‘çœŸå·®è¯„ã€‚,å·®è¯„,text,related,https://itunes.apple.com/cn/review?id=952694580&type=Purple%20Software,0,Application,ç¨‹åº,0
https://itunes.apple.com/cn/reviews/id233488970,é½è€æ¿,,2022-11-20T02:40:50-07:00,1,7.39.1,9309022112,Apple Watch Ultraç›´æ’­è¯¾æ— æ³•è¿æ¥,è¿›ç›´æ’­è¯¾Watch Ultraè¿ä¸ä¸Šï¼Œå¸Œæœ›Keepå¥½å¥½æ”¹è¿›Apple Watchä½“éªŒï¼è¯·ä½ ä»¬ææ¸…æ¥šåºå¤§çš„Apple Watchç”¨æˆ·ç¾¤ä½“æ˜¯ä¸å¯èƒ½ä¸ºäº†ä½ Keepå•ç‹¬å»ä¹°ä½ å®¶çš„æ‰‹ç¯çš„ï¼,text,related,https://itunes.apple.com/cn/review?id=952694580&type=Purple%20Software,0,Application,ç¨‹åº,0
https://itunes.apple.com/cn/reviews/id690785836,å…ˆç”¨ç”¨ï¼ŒåæœŸå†è¯„ä»·,,2022-11-19T19:11:40-07:00,2,7.39.1,9307934802,åœ°å›¾æ²¡æ³•æ˜¾ç¤º,æœ€è¿‘ä¸¤ä¸ªç‰ˆæœ¬éƒ½ä¸èƒ½æ˜¾ç¤ºåœ°å›¾ç”»é¢æ˜¯ä»€ä¹ˆé¬¼,text,related,https://itunes.apple.com/cn/review?id=952694580&type=Purple%20Software,0,Application,ç¨‹åº,0
https://itunes.apple.com/cn/reviews/id442533575,Kevin_lky,,2022-11-19T07:43:27-07:00,2,7.39.1,9306217975,æ•°æ®ä¸­å¿ƒçš„è®°å½•è¡¨ï¼Œéœ€è¦ä¼˜åŒ–æ˜¾ç¤º,ä¸ªäººæ•°æ®ä¸­å¿ƒçš„èº«ä½“æ•°æ®ä¸­ï¼Œæ¯”å¦‚é‡é‡ä½“è„‚é«˜bmièƒ¸å›´ç­‰ï¼Œåœ¨é¡µé¢çš„ä¸Šéƒ¨åˆ†ï¼Œä½¿ç”¨èµ·æ¥éå¸¸è´¹åŠ²ï¼Œæ¯”å¦‚æˆ‘æƒ³æ˜¾ç¤ºæœ€è¿‘ä¸€å‘¨çš„è®°å½•æ›²çº¿ï¼Œä¸€ä¸ªæœˆçš„ã€‚åŠå¹´çš„ï¼Œä¸€å¹´çš„ï¼Œéƒ½æ²¡åŠæ³•ï¼ŒæœŸæœ›å¤§å¹…ä¿®æ”¹ï¼Œå‚è€ƒè‹¹æœå¥åº·æ˜¾ç¤ºçš„åšæ³•ï¼Œæ˜¯æœ€å®Œç¾çš„,text,related,https://itunes.apple.com/cn/review?id=952694580&type=Purple%20Software,0,Application,ç¨‹åº,0
https://itunes.apple.com/cn/reviews/id252453706,å¤©å¤©å‘ä¸‹123,,2022-11-19T05:19:28-07:00,2,7.39.1,9305732244,GPSç³»ç»Ÿå‡†ç¡®åº¦å·®,ä»€ä¹ˆåƒåœ¾ï¼Œæˆ‘å›´ç€æˆ‘ä»¬å°åŒºè·‘äº†10åœˆå†æ€ä¹ˆä¹Ÿæœ‰800ç±³äº†ï¼Œä½†è¿˜æ˜¯æ˜¾ç¤ºæˆ‘åªè·‘äº†500ç±³ï¼Œè¿˜ä¸€ç›´è¯´ä¿¡å·å·®ï¼ŒGPSä¹Ÿæ˜¯æ‹‰çš„ä¸€æ‰¹ï¼Œä¸ç®¡åˆ°å“ªéƒ½æ˜¯å·®èƒ½ä¸èƒ½ä¿®æ”¹ä¸€ä¸‹è°¢è°¢ï¼,text,related,https://itunes.apple.com/cn/review?id=952694580&type=Purple%20Software,0,Application,ç¨‹åº,0
https://itunes.apple.com/cn/reviews/id370239302,Startç¿”å­,,2022-11-19T04:51:52-07:00,1,7.39.1,9305642145,é¢‘ç¹æ›´æ–°æ€ä¹ˆä¸€å›äº‹ï¼Ÿ,æœ‰æ¼æ´ï¼ŸFW,text,related,https://itunes.apple.com/cn/review?id=952694580&type=Purple%20Software,0,Application,ç¨‹åº,0
https://itunes.apple.com/cn/reviews/id1466301044,è¯¾æ¥¼å­¦äºº,,2022-11-19T04:12:49-07:00,1,7.39.1,9305522648,æ ¹æœ¬ç”¨ä¸äº†å•Š å¡åœ¨èº«é«˜é¡µé¢å¡ä½ä¸åŠ¨äº†,è®¨åŒ,text,related,https://itunes.apple.com/cn/review?id=952694580&type=Purple%20Software,0,Application,ç¨‹åº,0
https://itunes.apple.com/cn/reviews/id1314270806,11234563794,,2022-11-19T04:00:58-07:00,1,7.39.1,9305488048,ä¸è¡Œ,ä¸ºä»€ä¹ˆè§†é¢‘ç‚¹è¿›å»æ˜¯ç»¿å±å•Š å•¥åŠ¨ä½œéƒ½ä¸çŸ¥é“ æ€ä¹ˆè·Ÿç€è®­ç»ƒ,text,related,https://itunes.apple.com/cn/review?id=952694580&type=Purple%20Software,0,Application,ç¨‹åº,0
https://itunes.apple.com/cn/reviews/id431928364,ä½ åœ¨å“ªæœ‹å‹,,2022-11-19T02:02:04-07:00,1,7.39.1,9305171825,åå¤æç¤ºå¼€å¯é€šçŸ¥ï¼Œçƒ¦ä¸èƒœçƒ¦,"å»ºè®®å°½å¿«æ·»åŠ  å…³é—­æé†’ å¼€å¯é€šçŸ¥ åŠŸèƒ½
è¿™ä¸ªå¼¹çª—åå¤æç¤ºå‡ æ¬¡å
å¼¹çª—è¿å…³é—­æŒ‰é’®éƒ½æ²¡æœ‰äº†
å¹¶ä¸æ˜¯æ¯ä¸ªäººéƒ½éœ€è¦å¼€å¯é€šçŸ¥åŠŸèƒ½ï¼
æŠŠè‡ªä¸»é€‰æ‹©æƒè¿˜ç»™ç”¨æˆ·",text,related,https://itunes.apple.com/cn/review?id=952694580&type=Purple%20Software,0,Application,ç¨‹åº,0
https://itunes.apple.com/cn/reviews/id272700657,åå¤å¤å…´é­‚,,2022-11-18T16:46:07-07:00,1,7.39.0,9303858140,åˆšæˆä¸ºæ–°ä¼šå‘˜ï¼Œé€‰äº†è¿ç»­åŒ…æœˆç»“æœappæ ¹æœ¬è¿›ä¸å» éª—å­,å¡åœ¨è¿›å…¥è®­ç»ƒè®¡åˆ’è¿™ä¸€æ äº† ä»€ä¹ˆé¬¼ï¼Ÿéª—é’±çš„å§,text,related,https://itunes.apple.com/cn/review?id=952694580&type=Purple%20Software,0,Application,ç¨‹åº,0
https://itunes.apple.com/cn/reviews/id1430375648,yfyfyvjvtd,,2022-11-18T05:25:50-07:00,1,7.39.0,9302136763,ä¹°äº†å¥–ç‰Œï¼Œå®¢æœä¸ä½œä¸ºï¼ï¼,ç»™æœ‹å‹ä¹°çš„å¥–ç‰Œï¼Œ2022.10.30å·å·²ç»å¼€å§‹å‘è´§çš„åœ¨ä¸­è½¬ï¼Œ2022.11.8å·è¿˜åœ¨å‘Šè¯‰æˆ‘ç–«æƒ…å½±å“ç–«æƒ…å½±å“ï¼Œæˆ‘ä¿¡äº†ï¼Œæˆ‘éµä»å®‰æ’ï¼Œç›´åˆ°å‘ç°æˆ‘èº«è¾¹çš„æœ‹å‹åˆšåˆšä¹°çš„æ²¡å‡ å¤©å°±åˆ°äº†ï¼Œä½ è¿˜å‘Šæˆ‘ç–«æƒ…å½±å“ï¼Œä¸€æ ·çš„å‘è´§åœ°å€ä¸€æ ·çš„æ”¶è´§åœ°å€ä¸€æ ·çš„ç‰©æµï¼Œä½ å‘Šæˆ‘å‘ä¸äº†ï¼Ÿä½ èƒ¡è¯´ä»€ä¹ˆï¼Ÿå®¢æœåªä¼šè¯´ç–«æƒ…å½±å“ç–«æƒ…å½±å“ï¼Œæ–°å† ç—…æ¯’æ…ä½ å®¶äº†ï¼Ÿ,text,related,https://itunes.apple.com/cn/review?id=952694580&type=Purple%20Software,0,Application,ç¨‹åº,0
https://itunes.apple.com/cn/reviews/id1165944125,è¯·ä¸è¦å› ä¸ºæˆ‘æ˜¯ä¸€æœµå¨‡èŠ±è€Œæ€œæƒœæˆ‘,,2022-11-18T03:48:12-07:00,1,7.39.0,9301850014,å¹¿å‘Šæ— å¤„ä¸åœ¨â€¦â€¦,æ€ä¹ˆç°åœ¨è¿åŠ¨å‰æ’æ’­å¹¿å‘Šäº†å‘¢ï¼è€Œä¸”è¿˜ä¼šè·³åˆ°åˆ«çš„è¿åŠ¨å» ä»€ä¹ˆæƒ…å†µğŸ˜“,text,related,https://itunes.apple.com/cn/review?id=952694580&type=Purple%20Software,0,Application,ç¨‹åº,0
https://itunes.apple.com/cn/reviews/id522293531,ä¸è¿‡éƒ¨åˆ†,,2022-11-17T23:17:51-07:00,2,7.39.0,9301238017,å…³äºkeepæ´»åŠ¨è¿™ä»¶äº‹ï¼ˆä¸»è¦æ˜¯å¥–æ¯ï¼‰,keepæ´»åŠ¨æŒºå¥½çš„ï¼Œä»Šå¤©åˆšæŒ‘æˆ˜å®Œä¸˜æ¯”ç‰¹ä¹‹ç®­çš„å°±æ˜¯æœ‰çš„æ´»åŠ¨å¸Œæœ›ä¸ä»…ä»…åªæ˜¯VIPå¯ä»¥å‚ä¸  è¿˜æœ‰keepä¸Šçš„å¥–æ¯å¥½å°å•Šï¼ï¼ï¼æœ‰åˆ†é‡æ˜¯æœ‰åˆ†é‡æœ‰ä¸€ç‚¹ç‚¹   ä½†çœŸçš„å¥½å°å•Šï¼ï¼å¤ªå°äº†   å¸Œæœ›çœŸçš„å¯ä»¥ç¬¬ä¸‰ä¸ªæˆ–ç¬¬å››ä¸ªåšå¤§ä¸€ç‚¹   ğŸ˜­ğŸ˜­ğŸ˜­ğŸ˜­å¥–æ¯çœŸçš„å¤ªå°äº†ï¼Œæˆ‘ä»¥ä¸ºä¼šå¾ˆå¤§å‘¢,text,related,https://itunes.apple.com/cn/review?id=952694580&type=Purple%20Software,0,Application,ç¨‹åº,0
https://itunes.apple.com/cn/reviews/id1468710510,çœŸè®©äººæ— è¯­ æœäº†,,2022-11-17T17:55:13-07:00,1,7.39.0,9300556629,ä¸‹è½½äº† è®©å…ˆå¼€ä¼šå‘˜ èŠ±äº†9å…ƒ,ä¸‹è½½å®Œ å¡«èµ„æ–™çš„æ—¶å€™ä¼šè®©ä½ å¼€ä¼šå‘˜ å¼€å®Œä»¥å å‹æ ¹ç‚¹ä¸è¿›å» éª—äºº,text,related,https://itunes.apple.com/cn/review?id=952694580&type=Purple%20Software,0,Application,ç¨‹åº,0
https://itunes.apple.com/cn/reviews/id462092546,ç®¡çš„,,2022-11-17T06:07:27-07:00,1,7.39.0,9298859612,å­—ä½“éš¾çœ‹,æ–°ç‰ˆæœ¬åˆ†äº«å›¾ç‰‡çš„å­—ä½“å¥½éš¾çœ‹å•Š æ¢å›å»å§ï¼,text,related,https://itunes.apple.com/cn/review?id=952694580&type=Purple%20Software,0,Application,ç¨‹åº,0
https://itunes.apple.com/cn/reviews/id635120331,æ˜µç§°ä¸æ˜¯é‡ç‚¹å¥½å§,,2022-11-16T18:26:50-07:00,1,7.39.0,9297259315,å¸äº†ï¼Œæœ‰è¢«æ¶å¿ƒåˆ°ï¼è§„åˆ™è¯´æ”¹å°±æ”¹ï¼Œå¹¶ä¸”ä¸æ˜ç¡®æé†’,å¼€äº†å‡ å¹´ä¼šå‘˜ï¼Œè·‘äº†å‡ å¹´å¥–ç‰Œï¼Œè§„åˆ™éƒ½æ˜¯â€œæ— è®ºæ˜¯å¦å®Œèµ›ï¼Œå¥–ç‰Œéƒ½ä¼šå¯„å‡ºâ€ã€‚çªç„¶æ”¹æˆâ€œæœªå®Œèµ›ä¸å‘â€ï¼Œä¹Ÿæ²¡æœ‰æé†’å¼¹çª—ï¼Œå‘æ¥çš„çŸ­ä¿¡ä¹Ÿåªæ˜¯â€œèµ¶ç´§å®Œèµ›å“¦äº²â€ã€‚æŠ•è¯‰ä¹‹åå´è¯´â€œæ‚¨ä¸€å®šäº†è§£è§„åˆ™çš„å§â€ï¼Œæˆ‘ï¼Ÿï¼Ÿï¼Ÿï¼Ÿï¼Ÿï¼Ÿï¼Ÿå…ˆæŠŠç”¨æˆ·ä¹ æƒ¯å…»å‡ºæ¥ï¼Œç„¶åå·å·æ”¹è§„åˆ™æ˜¯å§ï¼Ÿï¼Ÿï¼Ÿ,text,related,https://itunes.apple.com/cn/review?id=952694580&type=Purple%20Software,0,Application,ç¨‹åº,0
https://itunes.apple.com/cn/reviews/id1190111852,qwploi,,2022-11-15T22:47:00-07:00,3,7.38.0,9294417734,æƒ³å¿µæœ€åˆç‰ˆæœ¬çš„ç®€æ´ï¼Œä¸ç„¶å†å‡ºä¸ªliteç‰ˆçš„å§æ±‚æ±‚äº†,"ç°åœ¨appçœŸçš„ä¸€ç‚¹ä¸ç®€æ´
å¾ˆä¸çº¯ç²¹
å¼¹å¹• ç¤¾åŒº è¿˜æœ‰ä»€ä¹ˆåœˆå­éƒ½å¾ˆæ²¡ç”¨
å•†åŸå¯ä»¥ç•™ç€",text,related,https://itunes.apple.com/cn/review?id=952694580&type=Purple%20Software,0,Application,ç¨‹åº,0
https://itunes.apple.com/cn/reviews/id461003845,æ¥è‡ªä¸€ä¸ªä¼šå‘˜çš„åæ§½,,2022-11-15T10:59:56-07:00,1,7.38.0,9292905263,åƒåœ¾APPï¼Œä¸€ç‚¹ä¹Ÿä¸å°Šé‡ç”¨æˆ·çš„ä½“éªŒ,ç»å¸¸æ›´æ¢ç•Œé¢è®¾è®¡ï¼Œæ€»æ˜¯éœ€è¦é‡æ–°é€‚åº”å„ç±»å…¥å£ã€‚ä»¥å‰ç¦»çº¿ä¸‹è½½çš„è¯¾ç¨‹è«åå…¶å¦™çš„è¢«åˆ é™¤ï¼Œæƒ³é‡æ–°ä¸‹è½½å´æ˜¾ç¤ºå·²ä¸‹è½½ï¼Œä½†æ˜¯ç‚¹å¼€å„ç§ç¼“å†²ã€‚å¦‚æœä¸æƒ³å¥½å¥½ç»´æŠ¤APPï¼Œè¯·ä¸è¦ä¹±æ›´æ–°ï¼Œç”¨ç€è¿˜ä¸å¦‚ä»¥å‰ç¨³å®šï¼,text,related,https://itunes.apple.com/cn/review?id=952694580&type=Purple%20Software,0,Application,ç¨‹åº,0
https://itunes.apple.com/cn/reviews/id160139553,whatlmand,,2022-11-15T08:29:58-07:00,1,7.38.0,9292530660,æ–°ç‰ˆæœ¬çš„åˆ†äº«å¹¶ä¸å¥½ç”¨,è¶Šæ”¹è¶Šéš¾ç”¨ï¼ŒåŸå…ˆçš„å›¾ç‰‡åˆ†äº«å¤šå¥½å•Šã€‚æ”¹å®Œä»¥åæ›´å·®äº†ï¼Œç”¨æˆ·å®Œå…¨ä¸çŸ¥é“å›¾ç‰‡è´´ä¸Šå»æœ€ç»ˆä¼šè¢«è£æˆä»€ä¹ˆæ¨¡æ ·ï¼ŒåŸå…ˆä¸€ä¸ªæ ‡å‡†çš„æ­£æ–¹å½¢å°±ç‰¹åˆ«å¥½ï¼Œè¿˜èƒ½æ˜¾ç¤ºä¸åŒçš„æ•°æ®ï¼ŒçœŸæƒ³å›é€€ç‰ˆæœ¬ã€‚,text,related,https://itunes.apple.com/cn/review?id=952694580&type=Purple%20Software,0,Application,ç¨‹åº,0
https://itunes.apple.com/cn/reviews/id1185172265,æ»¨æ¡‘,,2022-11-15T02:42:41-07:00,1,7.38.0,9291574202,æŠ¥åKeepæ´»åŠ¨åå› ä¸ºæœ‰äº‹æœªå®Œèµ›ï¼Œæ²¡æœ‰å¥–ç‰Œä¹Ÿä¸ç»™é€€æ¬¾,æŠ¥åäº†æ´»åŠ¨ï¼Œç„¶åå› ä¸ºå·¥ä½œåŸå› æ²¡å®Œæˆï¼Œå‚èµ›æ˜¯æ´»åŠ¨é¡µé¢å†™çš„æ˜¯å®Œèµ›åä¸èƒ½é€€æ¬¾ï¼Œå¹¶æœªè¡¨ç¤ºä¸å®Œèµ›ä¹Ÿä¸é€€æ¬¾ã€‚è€Œä¸”ï¼Œæˆ‘å½“æ—¶è´­ä¹°çš„æ˜¯å¥–ç‰Œçš„é’±ï¼Œå¹¶ä¸æ˜¯äº¤çš„å‚èµ›çš„é’±ï¼Œæ²¡æœ‰å¥–ç‰Œå°±åº”è¯¥é€€æ¬¾ï¼Œä¸Šé¢æ ‡çš„å°±æ˜¯å•†å“æ€»ä»·ï¼Œè¿™ä¸æ˜¯æŠ¢å—ï¼Ÿå®¢æœæ€åº¦ä¹Ÿä¸å¥½ï¼Œè¯´è¦æŠ•è¯‰å°±æŠ•è¯‰,text,related,https://itunes.apple.com/cn/review?id=952694580&type=Purple%20Software,0,Application,ç¨‹åº,0
https://itunes.apple.com/cn/reviews/id330008129,Tataä»–çˆ¸,,2022-11-15T02:22:06-07:00,3,7.38.0,9291530273,ä¸ºä»€ä¹ˆæ²¡æ³•ç”¨ç¬¬ä¸‰æ–¹è¾“å…¥æ³•äº†,iOS16ï¼Œä¸ºä»€ä¹ˆæ²¡æœ‰åŠæ³•ç”¨ç¬¬ä¸‰æ–¹è¾“å…¥æ³•äº†ï¼Œåªèƒ½ç”¨ç³»ç»Ÿè‡ªå¸¦çš„,text,related,https://itunes.apple.com/cn/review?id=952694580&type=Purple%20Software,0,Application,ç¨‹åº,0
https://itunes.apple.com/cn/reviews/id1112915981,é˜¿å¥ä¸ä¼šé’“é±¼,,2022-11-15T02:20:39-07:00,1,7.38.0,9291527241,åƒåœ¾è½¯ä»¶,åƒåœ¾è½¯ä»¶ é’±å……äº†ä»¥åæ ¹æœ¬å°±è¿›ä¸å»äº† å¡å± è¿™ç§è½¯ä»¶ä¹Ÿå¥½æ„æ€æ‹¿å‡ºæ¥éª—é’±,text,related,https://itunes.apple.com/cn/review?id=952694580&type=Purple%20Software,0,Application,ç¨‹åº,0
https://itunes.apple.com/cn/reviews/id438946204,ç­ç»äººæ€§çš„å›½ç‹,,2022-11-14T21:47:42-07:00,1,7.38.0,9290996681,ä¸€ç¾¤ä¸å¹²å®äº‹çš„è ¢é©´ç¨‹åºå‘˜å’Œæ€»ç›‘,åªèƒ½è®¾ç½®è·³è¿‡è¯¾ç¨‹è§†é¢‘å¼€å¤´ï¼Œä¸èƒ½å…³æ‰ï¼Ÿä½ ä»¬å…¨å®¶æ˜¯ä¸æ˜¯ä¸Šè¾ˆå­è¢«é©´è¸¢æ­»çš„ï¼Ÿèƒ½æƒ³å‡ºè¿™ç§çŒ®ç¥­åŒäº²çš„åŠŸèƒ½ï¼ŒçœŸæœ‰ä½ ä»¬keepçš„,text,related,https://itunes.apple.com/cn/review?id=952694580&type=Purple%20Software,0,Application,ç¨‹åº,0
https://itunes.apple.com/cn/reviews/id1226665799,æ€¥äººå•Šå•Šå•Šå•Šå•Š,,2022-11-14T18:45:18-07:00,1,7.38.0,9290633128,çœŸçš„  æ— è¯­äº†,ä¸‹è½½çš„è¯¾ç¨‹ åªæœ‰è¿›åº¦æ¡åœ¨åŠ¨ æ— å£°éŸ³æ— ç”»é¢  é‡æ–°ä¸‹è½½äº†å¥½å‡ ééƒ½ä¸è¡Œ   ä¸‹è½½çš„è¯¾ç¨‹ç¦»çº¿çŠ¶æ€ä¸‹å®Œå…¨ä¸èƒ½ä½¿ç”¨  é‚£æˆ‘è¿˜ä¸‹è½½å¹²å˜›  å°±æ˜¯æƒ³ç€æ— ç½‘ç»œçš„æ—¶å€™ä¹Ÿèƒ½ç”¨å•Š  çœŸçš„æ²¡ä»¥å‰å¥½äº†  å¥½å¤±æœ›,text,related,https://itunes.apple.com/cn/review?id=952694580&type=Purple%20Software,0,Application,ç¨‹åº,0
https://itunes.apple.com/cn/reviews/id1317782000,æ½å¶æ—¦,,2022-11-14T17:59:58-07:00,3,7.38.0,9290527054,æ²¡æœ‰å…³æ€€ç‰ˆï¼Œå¹´çºªå¤§äº†çœ‹ä¸æ¸…æ¥š,å¸Œæœ›èƒ½å°½å¿«æ¨å‡ºè€å¹´ç‰ˆ,text,related,https://itunes.apple.com/cn/review?id=952694580&type=Purple%20Software,0,Application,ç¨‹åº,0
https://itunes.apple.com/cn/reviews/id237429286,æ¶µ~,,2022-11-14T06:21:19-07:00,1,7.38.0,9288911506,è¶Šæ¥è¶Šéš¾ç”¨äº†,å¸Œæœ›å¼€å‘è€…è®°ä½keepçš„ç¤¾äº¤å±æ€§åªæ˜¯é™„å¸¦ï¼Œå¯ä»¥æ’ç¬¬äºŒä½ï¼Œä½†ç¬¬ä¸€ä½åº”è¯¥æ°¸è¿œæ˜¯æ€ä¹ˆæ ·è®©å¤§å®¶æ›´å¿«æ·æ–¹ä¾¿çš„ç»ƒä¹ è‡ªå·±æƒ³è¦çš„è¯¾ç¨‹ã€‚ç°åœ¨è¿™ä¸ªç‰ˆæœ¬ï¼Œæƒ³è¿›æˆ‘æ”¶è—çš„åˆé›†ï¼Œä¸€è¿› appä»¥åè¦ç‚¹å³ä¸‹è§’æˆ‘-æˆ‘çš„è¯¾ç¨‹-æ”¶è—-å…¶ä»–åˆé›†-è‡ªå®šçš„åˆé›†åç§°ï¼Œä½ ä»¬è§‰å¾—æ–¹ä¾¿å—ï¼Ÿ,text,related,https://itunes.apple.com/cn/review?id=952694580&type=Purple%20Software,0,Application,ç¨‹åº,0
https://itunes.apple.com/cn/reviews/id195006594,Shinerin,,2022-11-14T03:52:32-07:00,1,7.38.0,9288494985,è¾“å…¥æ³•åªæœ‰è‹±è¯­ï¼Œä¸è®©åˆ‡æ¢,é€ŸæŸ¥å§ï¼Œè¿™ä¹ˆä½çº§çš„bug,text,related,https://itunes.apple.com/cn/review?id=952694580&type=Purple%20Software,0,Application,ç¨‹åº,0
https://itunes.apple.com/cn/reviews/id413140949,Als_liu,,2022-11-13T21:28:12-07:00,3,7.38.0,9287714631,å†…å®¹ä¸é”™ï¼Œä½†æ˜¯APPç»å¸¸å¡æ­»,å†…å®¹æ²¡å¾—è¯´ã€‚ä½†æ˜¯APPç»å¸¸å¡æ­»ï¼Œåˆ·ä¸å‡ºä¿¡æ¯ï¼Œæ— æ³•å®šä½ã€‚è€Œä¸”è€æ˜¯å¼¹å‡ºå¼ºåˆ¶æˆæƒï¼Œå…³éƒ½å…³ä¸æ‰ã€‚,text,related,https://itunes.apple.com/cn/review?id=952694580&type=Purple%20Software,0,Application,ç¨‹åº,0
https://itunes.apple.com/cn/reviews/id472801011,å‡¤èˆæ–—å¹´å,,2022-11-13T19:44:09-07:00,1,7.38.0,9287513422,åŠå¤œå·è·‘ç”µé‡,æ‰‹æœºæ™šä¸Šå……æ»¡ç”µæ”¾ä¸€å¤œå±…ç„¶è€—äº†30çš„ç”µé‡ï¼Œæ‰‹æœºè¿˜çƒ­ï¼Œæ‰“å¼€ç”µæ± è½¯ä»¶å‘ç°æ˜¯keepåå°è¿è¡ŒéŸ³é¢‘ï¼Œèµ¶ç´§ä¿®å¤å§ã€‚,text,related,https://itunes.apple.com/cn/review?id=952694580&type=Purple%20Software,0,Application,ç¨‹åº,0
https://itunes.apple.com/cn/reviews/id883672843,éº»æ±Ÿå°èœœèœ‚,,2022-11-13T01:05:56-07:00,1,7.38.0,9284676687,ä¸­æ–‡è¾“å…¥æ³•æ— æ³•ä½¿ç”¨,ä¸­æ–‡è¾“å…¥æ³•æ— æ³•ä½¿ç”¨ï¼Œè½¯ä»¶æ²¡æ³•ç”¨ï¼Œå“ï¼,text,related,https://itunes.apple.com/cn/review?id=952694580&type=Purple%20Software,0,Application,ç¨‹åº,0
https://itunes.apple.com/cn/reviews/id1143579020,y-hjhg,,2022-11-12T18:52:42-07:00,1,7.38.0,9283835757,ï¼Ÿ,å¼ºåˆ¶åˆ«äººç”¨ç”µè¯å·ç æ³¨å†Œï¼Ÿ,text,related,https://itunes.apple.com/cn/review?id=952694580&type=Purple%20Software,0,Application,ç¨‹åº,0
https://itunes.apple.com/cn/reviews/id482986181,stlllllll,,2022-11-12T18:08:04-07:00,3,7.38.0,9283725172,æ‰‹ç¯çš„æ•°æ®ä¸èƒ½å†™å…¥iPhoneçš„å¥åº·app,"å¿ƒç‡ï¼ˆä¸æ”¯æŒï¼‰ 
ç¡çœ ï¼ˆä¸æ”¯æŒï¼‰ 
æ­¥æ•°ï¼ˆæ²¡æœ‰å†™å…¥ï¼‰

çœŸæ˜¯æ— è¯­

B3æ‰‹ç¯ ä¸æ”¹è¿›çš„è¯ä»¥åä¸ä¹°ä½ ä»¬çš„æ‰‹ç¯äº†",text,related,https://itunes.apple.com/cn/review?id=952694580&type=Purple%20Software,0,Application,ç¨‹åº,0
https://itunes.apple.com/cn/reviews/id368558078,HeyyoHelen,,2022-11-12T08:35:48-07:00,1,7.38.0,9282336529,ç–¯ç‹‚é—ªé€€,å¼€äº†äº”å…­æ¬¡äº†,text,related,https://itunes.apple.com/cn/review?id=952694580&type=Purple%20Software,0,Application,ç¨‹åº,0
https://itunes.apple.com/cn/reviews/id1023097406,spring qwq,,2022-11-12T06:22:36-07:00,1,7.38.0,9281913768,æ— ç½‘ç»œ,æ›´æ–°äº†ä¹‹åä¸€ç›´æ— ç½‘ç»œ,text,related,https://itunes.apple.com/cn/review?id=952694580&type=Purple%20Software,0,Application,ç¨‹åº,0
https://itunes.apple.com/cn/reviews/id522010680,è€…åª,,2022-11-12T04:35:03-07:00,1,7.38.0,9281572745,æ›´æ–°ä¹‹åè¿è¯¾ç¨‹éƒ½æ‰¾ä¸åˆ°,è¿˜æ˜¯ä»¥å‰çš„ç‰ˆæœ¬å¥½ï¼Œç°åœ¨çš„ç‰ˆæœ¬å¾ˆåƒåœ¾,text,related,https://itunes.apple.com/cn/review?id=952694580&type=Purple%20Software,0,Application,ç¨‹åº,0
https://itunes.apple.com/cn/reviews/id949665734,æˆ‘ç³»ğŸ‡¨ğŸ‡³ä¸­å›½ä¾¬ï¼,,2022-11-12T04:01:21-07:00,1,7.38.0,9281475649,ä»€ä¹ˆè½¯ä»¶å°†è¿‘0.5-0.9ä¸ªGBï¼Ÿ,å†…å­˜å ç”¨è¿‡é«˜ï¼ï¼ï¼è‡ƒè‚¿ï¼,text,related,https://itunes.apple.com/cn/review?id=952694580&type=Purple%20Software,0,Application,ç¨‹åº,0
https://itunes.apple.com/cn/reviews/id1466896724,å‘¨å†…çº¢æœ¨,,2022-11-12T02:18:08-07:00,1,7.38.0,9281211835,è½¯ä»¶å¤ªçƒ‚,è‡ªå·±è½¯ä»¶ä¸ä¼šåŒ¹é…è·¯çº¿ï¼Œä»å¤´åˆ°å°¾åªä¼šè¯´ç½‘ç»œåŸå› ï¼Œä½“éªŒæ„Ÿæå·®,text,related,https://itunes.apple.com/cn/review?id=952694580&type=Purple%20Software,0,Application,ç¨‹åº,0
https://itunes.apple.com/cn/reviews/id866190058,èƒ¡è¯Œ233,,2022-11-12T01:49:07-07:00,3,7.38.0,9281141653,ç»å¸¸è§‚çœ‹é›¶åŸºç¡€é•¿ç›´æ’­,ä¹‹å‰é›¶åŸºç¡€é•¿ç›´æ’­éƒ½æ˜¯æ™šä¸Š6ç‚¹å¼€å§‹ç›´æ’­ï¼Œä¸çŸ¥é“ä¸ºä»€ä¹ˆåæ¥å°±å˜æˆ7ç‚¹ï¼ŒçœŸå¿ƒå¸Œæœ›å¯ä»¥æ¢å¤åŸæ¥çš„æ—¶é—´ï¼Œä¸¥é‡å½±å“ç”Ÿæ´»å®‰æ’äº†ã€‚,text,related,https://itunes.apple.com/cn/review?id=952694580&type=Purple%20Software,0,Application,ç¨‹åº,1
https://itunes.apple.com/cn/reviews/id402478475,èƒ½ä¸èƒ½ä¸èƒ½ä¸è¦é™åˆ¶æ˜µç§°,,2022-11-11T19:34:04-07:00,3,7.38.0,9280299744,gpsé—®é¢˜ï¼Ÿ,æœ€è¿‘ä¸€å‘¨å·¦å³ä½¿ç”¨æ„Ÿè§‰GPSé‡Œç¨‹ã€é…é€Ÿç­‰ç»Ÿè®¡å¾ˆä¸å‡†ï¼Œç©ºæ—·ä½ç½®æŠ¥gpsä¿¡å·å¼±ï¼Œæ˜¯ä¸æ˜¯ä¸æ›´æ–°æœ‰å…³ç³»,text,related,https://itunes.apple.com/cn/review?id=952694580&type=Purple%20Software,0,Application,ç¨‹åº,0
https://itunes.apple.com/cn/reviews/id524475473,å†…å­˜å¤ªå¤§äº† æ²¡æ³•ä¸‹è½½,,2022-11-11T18:05:14-07:00,1,7.38.0,9280081530,å†…å­˜,ä»¥å‰appå†…å­˜å° ç°åœ¨è‹¹æœç”¨æˆ·æ²¡åŠæ³•ä¸‹è½½ è¶…è¿‡200mb. æœ›æ”¹è¿›,text,related,https://itunes.apple.com/cn/review?id=952694580&type=Purple%20Software,0,Application,ç¨‹åº,0
https://itunes.apple.com/cn/reviews/id231373809,VampireZyr,,2022-11-11T05:05:30-07:00,1,7.38.0,9277999631,ç”¨æˆ·ä½“éªŒå·®ï¼Œç¬¬ä¸‰æ–¹è®¾å¤‡æ— æ³•è¿æ¥,æˆ‘æ˜¯keepçš„å¿ å®ç”¨æˆ·ï¼Œæ¯å¤©å¿…æ‰“å¡ï¼Œè¿åŠ¨æ—¶é•¿40000min+ã€‚ä¸€ç›´å–œæ¬¢ç®€æ´çš„æ—§ç‰ˆæœ¬ï¼Œæœ€è¿‘æ‰æ›´æ–°äº†ç‰ˆæœ¬ï¼Œç”¨æˆ·ä½“éªŒçœŸçš„å¤ªå·®äº†ï¼ŒèŠ±èŠ±ç»¿ç»¿çš„ç•Œé¢ï¼Œéƒ½æ˜¯å¹¿å‘Šã€å•†åŸï¼Œæƒ³æ‰¾åˆ°æ”¶è—çš„è¯¾ç¨‹è¿›è¡Œé”»ç‚¼å¾ˆéš¾ï¼Œæ¯å¤©çš„æ•°æ®æ¨¡å—ä¹Ÿä¸å¦‚ä¹‹å‰ï¼Œæ•°å­—çœŸçš„å¤ªå°å¤ªæµ…äº†ã€‚è€Œä¸”ç¬¬ä¸‰æ–¹çš„è¿åŠ¨æ‰‹ç¯æ— æ³•è¿æ¥ï¼ˆæ—§ç‰ˆæœ¬æ˜¯å¯ä»¥è¿æ¥çš„ï¼‰ï¼Œå‰æœŸç™»å½•è´¦å·éƒ½å¯ä»¥ï¼Œåˆ°äº†ç»‘å®šçš„é‚£ä¸€æ­¥ï¼Œå°±æ˜¾ç¤ºç½‘ç»œæœªè¿æ¥ï¼Œæƒ³å–è‡ªå®¶çš„è´§ä¹Ÿä¸èƒ½é‡‡ç”¨è¿™ç§æ‰‹æ®µå§ï¼Ÿæ•°æ®æ— æ³•åŒæ­¥ï¼Œå¾ˆå›°æ‰°,text,related,https://itunes.apple.com/cn/review?id=952694580&type=Purple%20Software,0,Application,ç¨‹åº,0
https://itunes.apple.com/cn/reviews/id233130491,ä¸€ä¸ªå¤©ä½¿,,2022-11-10T22:26:03-07:00,1,7.38.0,9277057803,bugå¯ä»¥ä¿®å¤ä¸€ä¸‹å—ï¼ï¼,æ¯æ¬¡ç¦»çº¿è®­ç»ƒè®°å½•éƒ½æœ‰ä¸€å®šå‡ ç‡ä¿å­˜ä¸ä¸Šå°±ç®—äº†ï¼Œè¯¾ç¨‹ç¼“å­˜bugä¹Ÿå¾ˆå¤šï¼Œä¸€äº›åœ¨å·²ä¸‹è½½é¡¹ç›®é‡Œèƒ½çœ‹åˆ°çš„è¯¾ä»è¯¾ç¨‹é¡µé¢è¿›å…¥è®­ç»ƒå°±æ’­æ”¾ä¸äº†ï¼Œä¸€äº›å·²ç»åˆ æ‰çš„è¯¾ç¨‹åœ¨è¯¾ç¨‹é¡µé¢é‡æ–°ä¸‹è½½çš„æ—¶å€™å°±æç¤ºå·²ä¸‹è½½ï¼Œä½†æ˜¯æ ¹æœ¬æ‰“ä¸å¼€ä¹Ÿé‡ä¸‹ä¸äº†ï¼Œå­¦æ ¡å¥èº«æˆ¿åœ¨åœ°ä¸‹å®¤æ¯æ¬¡éƒ½è¦æµªè´¹å¥½å¤šæ—¶é—´ï¼Œæ— è¯­äº†ğŸ™„,text,related,https://itunes.apple.com/cn/review?id=952694580&type=Purple%20Software,0,Application,ç¨‹åº,0
https://itunes.apple.com/cn/reviews/id428053291,å°ç™½æé—®,,2022-11-10T18:10:02-07:00,1,7.38.0,9276519041,æ–°ç‰ˆä¸è”ç½‘è¿ç¦»çº¿ä¸‹è½½çš„è¯¾ç¨‹éƒ½æ˜¾ç¤ºä¸å‡ºæ¥,æ–°ç‰ˆä¸è”ç½‘è¿ç¦»çº¿ä¸‹è½½çš„è¯¾ç¨‹éƒ½æ˜¾ç¤ºä¸å‡ºæ¥,text,related,https://itunes.apple.com/cn/review?id=952694580&type=Purple%20Software,0,Application,ç¨‹åº,0
https://itunes.apple.com/cn/reviews/id261471224,ä»Šå¤©çœŸé«˜å…´,,2022-11-10T16:56:06-07:00,3,7.38.0,9276347311,æ–°ç‰ˆæœ¬è‡ªåŠ¨æ’­æ”¾è±†æœ¬è±†å¹¿å‘Šå¤ªåµäº†,å…¶ä»–éƒ½è¿˜å¥½,text,related,https://itunes.apple.com/cn/review?id=952694580&type=Purple%20Software,0,Application,ç¨‹åº,0
https://itunes.apple.com/cn/reviews/id1298151653,xinebxhiejanna,,2022-11-10T16:12:07-07:00,1,7.38.0,9276247662,å·è·‘ç”µé‡,åå°ä¸çŸ¥é“åœ¨å¹²å˜›ä¸€ç›´å·è·‘ç”µé‡æˆ‘çœŸçš„æ— è¯­,text,related,https://itunes.apple.com/cn/review?id=952694580&type=Purple%20Software,0,Application,ç¨‹åº,0
https://itunes.apple.com/cn/reviews/id549019021,oiutope,,2022-11-10T08:06:52-07:00,5,7.38.0,9275102291,å¸Œæœ›ä¿ç•™iwatch series2 å…¼å®¹çš„ç‰ˆæœ¬,å¸Œæœ›ä¿ç•™iwatch series2 å…¼å®¹çš„ç‰ˆæœ¬,text,related,https://itunes.apple.com/cn/review?id=952694580&type=Purple%20Software,0,Application,ç¨‹åº,0
https://itunes.apple.com/cn/reviews/id374448933,å¿ƒç¢å¥½æ˜¯,,2022-11-10T05:48:22-07:00,3,7.38.0,9274692487,æ›´æ–°éå¸¸ä¸å¥½ç”¨,æ›´æ–°åçš„keep å‡ºç°äº† ç»ƒå®Œè¯¾ç¨‹æ— æ³•æ‰“å¡ï¼Œæ ¹æœ¬ä¸æ˜¾ç¤ºåšå®Œè¿™èŠ‚è¯¾çš„æ—¶é—´å¾ˆæ— è¯­,text,related,https://itunes.apple.com/cn/review?id=952694580&type=Purple%20Software,0,Application,ç¨‹åº,0
https://itunes.apple.com/cn/reviews/id230175046,Sxy603,,2022-11-10T04:06:09-07:00,2,7.38.0,9274394706,æ›´æ–°åapple watchç‰ˆæ¶ˆè€—å¡è·¯é‡Œæœ‰é—®é¢˜ï¼Œä¸å‡†ç¡®ã€‚,å¦‚é¢˜,text,related,https://itunes.apple.com/cn/review?id=952694580&type=Purple%20Software,0,Application,ç¨‹åº,0
https://itunes.apple.com/cn/reviews/id1466172475,é¦™è‡æ¯›è±†,,2022-11-09T21:39:17-07:00,3,7.38.0,9273579980,Ipadä¸Šbugå¿«ç‚¹ä¿®å¤,å¥½å¥½é€‚é…ä¸€ä¸‹ipadè¡Œä¸è¡Œï¼Ÿbugå¤ªå¤šå•¦ï¼,text,related,https://itunes.apple.com/cn/review?id=952694580&type=Purple%20Software,0,Application,ç¨‹åº,0
https://itunes.apple.com/cn/reviews/id1209185580,éƒ½ä¼šå¯¹æŠ¤è‚¤,,2022-11-09T20:58:39-07:00,1,7.38.0,9273504958,å¿«ç‚¹å€’é—­è°¢è°¢,çœŸæ¶å¿ƒ,text,related,https://itunes.apple.com/cn/review?id=952694580&type=Purple%20Software,0,Application,ç¨‹åº,0
https://itunes.apple.com/cn/reviews/id494837902,å¿«ä¹å°±å®Œäº‹äº†ï¼,,2022-11-09T05:37:56-07:00,2,7.38.0,9271380790,ä¸ºä»€ä¹ˆåƒæˆ‘é‡Œç¨‹æ•°,è·‘äº†è¿™ä¹ˆä¹…ï¼Œæ¯æ¬¡è·‘å®Œé‡Œç¨‹æ•°éƒ½ä¼šå°‘ä¸å°‘ï¼Œä»Šå¤©å’Œæœ‹å‹è·‘å®Œæ‰çŸ¥é“ï¼Œå±…ç„¶ä¼šå·®è¿™ä¹ˆå¤šï¼Œå’Œæœ‹å‹ä¸€èµ·è·‘ï¼Œæˆ‘è·‘å®Œå…­å…¬é‡Œï¼Œä»–éƒ½ä¸ƒå…¬é‡Œå¤šäº†ï¼Œå”‰ğŸ˜®â€ğŸ’¨,text,related,https://itunes.apple.com/cn/review?id=952694580&type=Purple%20Software,0,Application,ç¨‹åº,0
https://itunes.apple.com/cn/reviews/id842731407,å•Šå•Šå•Šå•Šå•Šå•Šæ™–,,2022-11-09T03:35:43-07:00,1,7.38.0,9271034446,ä¸€ä¸ªKeepä¸‹è½½äº†åŠä¸ªå°æ—¶,çœŸçš„æ˜¯æˆ‘çš„é—®é¢˜å—,text,related,https://itunes.apple.com/cn/review?id=952694580&type=Purple%20Software,0,Application,ç¨‹åº,0
https://itunes.apple.com/cn/reviews/id1465907698,Li20030504,,2022-11-09T01:43:58-07:00,1,7.38.0,9270779117,æ°”æ­»æˆ‘äº†ï¼Œç‚¹ä¸äº†ä¸œè¥¿ï¼Œè¿˜è¿›ä¸å»,çœŸçš„ä¼šè°¢,text,related,https://itunes.apple.com/cn/review?id=952694580&type=Purple%20Software,0,Application,ç¨‹åº,0
https://itunes.apple.com/cn/reviews/id1465905331,ç«æ˜Ÿä¸Šçš„_keeperbw7b,,2022-11-09T01:34:00-07:00,1,7.38.0,9270758611,æœ‰æ¼æ´,ä»Šé¡µé¢é‡Œè¿›ä¸å» é€€ä¹Ÿé€€ä¸äº†,text,related,https://itunes.apple.com/cn/review?id=952694580&type=Purple%20Software,0,Application,ç¨‹åº,0
https://itunes.apple.com/cn/reviews/id1394079701,ä¸€ä¸ªè„†è„†çš„çš®è›‹,,2022-11-08T22:03:37-07:00,3,7.38.0,9270345070,æ–°ç‰ˆä¸å¤ªå¥½,æ–°ç‰ˆé«˜å¼ºåº¦æš´æ±—ç‡ƒè„‚æ”¹çš„ä»€ä¹ˆåƒåœ¾ç‰ˆæœ¬ï¼Œä¸è€ƒè™‘å°å­©ä½“åŠ›,text,related,https://itunes.apple.com/cn/review?id=952694580&type=Purple%20Software,0,Application,ç¨‹åº,1
https://itunes.apple.com/cn/reviews/id1032903202,ç§€Ranz,,2022-11-08T15:37:26-07:00,1,7.38.0,9269545380,åƒåœ¾ï¼Œå˜æˆç”µå•†äº†,ä¸€ä¸ªè¿åŠ¨appæ”¹æˆè¿™æ ·ä¸¢äººä¸ï¼Œè¿˜è¯„åˆ†é‚£ä¹ˆè´µï¼Œåˆ å·®è¯„çœŸæ¶å¿ƒäºº,text,related,https://itunes.apple.com/cn/review?id=952694580&type=Purple%20Software,0,Application,ç¨‹åº,0
https://itunes.apple.com/cn/reviews/id202537235,Castro2000,,2022-11-08T05:44:04-07:00,1,7.38.0,9268083638,ä¸ºä»€ä¹ˆæ— æ³•ä½¿ç”¨ä¸­æ–‡é”®ç›˜äº†ï¼Ÿ,çªç„¶å°±ä¸èƒ½ä½¿ç”¨ä¸­æ–‡é”®ç›˜äº†ï¼Œé‡è£…ä¹Ÿæ²¡ç”¨ã€‚ip12ã€‚,text,related,https://itunes.apple.com/cn/review?id=952694580&type=Purple%20Software,0,Application,ç¨‹åº,0
https://itunes.apple.com/cn/reviews/id1185410029,ç»ä¸–å¤§å¸…æ¯”0.5,,2022-11-08T04:06:24-07:00,1,7.38.0,9267797057,è½¯ä»¶æå…¶è‡ƒè‚¿,è½¯ä»¶æå…¶è‡ƒè‚¿ï¼Œå’Œå¾®ä¿¡ä¸€ä¸ªå¾·è¡ŒğŸ¤‘,text,related,https://itunes.apple.com/cn/review?id=952694580&type=Purple%20Software,0,Application,ç¨‹åº,0
https://itunes.apple.com/cn/reviews/id354230049,å¿«ä¹æµ·è™,,2022-11-08T00:29:13-07:00,4,7.38.0,9267292151,å…³äºwatch app,æ‰‹æœºappåšå¾—å¾ˆå¥½ï¼Œæˆ‘æ¥è¯´è¯´å°ä¼—çš„apple watch appã€‚å®ƒæœ€æ–°æ›´æ–°äº†ï¼Œç•Œé¢æ”¹çš„å¾ˆå¥½ï¼Œäº”å½©æ–‘æ–“ï¼Œèµå¿ƒæ‚¦ç›®ã€‚ä½†æœ‰ä¸ªé—®é¢˜ï¼Œå¿ƒç‡æ€ä¹ˆæ²¡æœ‰äº†ï¼Œåæ¥å‘ç°ï¼ŒåŸæ¥æŒªåˆ°ç¬¬äºŒé¡µäº†ã€‚çœ‹ä¼¼å¿ƒç‡å¼ºåº¦æ˜ç»†åŒ–ï¼Œä½†é—®é¢˜ä¹Ÿæ¥äº†ã€‚æˆ‘æ˜¯é€šè¿‡é€Ÿåº¦å’Œå¿ƒç‡æ¥è°ƒæ•´å¼ºåº¦çš„ï¼Œåˆ†æˆä¸¤ä¸ªç•Œé¢å°±éº»çƒ¦äº†ï¼Œè¦æ¥å›åˆ‡æ¢ï¼èµ°è·¯ä¹Ÿå°±ç®—äº†ï¼Œè·‘æ­¥çš„æ—¶å€™æ¥å›åˆ‡æ¢å°±è´¹åŠ²äº†ï¼Œç›´æ’­è¯¾ç›´æ¥è·Ÿä¸¢å†…å®¹ï¼Œéª‘è‡ªè¡Œè½¦æˆ‘è¿˜è¦å•æ‰‹æŠŠæ–¹å‘ç”šæ˜¯å±é™©ã€‚æ‰€ä»¥è¿˜è¯·åœ¨å›¾ä¸€é‡Œé¢æŠŠå¿ƒç‡åŠ å›æ¥ï¼Œå›¾äºŒç»§ç»­ä¿ç•™å¥½äº†ã€‚å¦å¤–ï¼Œè¿˜æœ‰ä¸ªé—®é¢˜ï¼Œæ–°apple watch appç»Ÿè®¡æ•°æ®è¿˜æ˜¯è¦ç”„åˆ«ä¸€ä¸‹ï¼Œæœ‰è¯¯å·®å¯ä»¥ç†è§£ï¼Œä½†æˆ‘50åˆ†é’Ÿèµ°äº†4å…¬é‡Œ+èƒ½æœ‰420å¤§å¡æ˜¯ä¸æ˜¯æœ‰ç‚¹è¿‡åˆ†äº†ã€‚æœ€åè¿˜æ˜¯è½¯ä»¶è¶Šåšè¶Šå¥½ï¼Œé™ªæˆ‘åº¦è¿‡æ¯ä¸€å¤©ã€‚,text,related,https://itunes.apple.com/cn/review?id=952694580&type=Purple%20Software,0,Application,ç¨‹åº,0
https://itunes.apple.com/cn/reviews/id538029535,ä¸€ä¸ªäººåœ¨äºç»†ææœ«èŠ‚é‡Œ,,2022-11-07T17:14:28-07:00,1,7.38.0,9266369949,æ¯æ¬¡æ›´æ–°å®Œäº†éƒ½ä¸çŸ¥é“ä»€ä¹ˆåœ¨å“ªé‡Œ,å¯¹æ¸¸æ³³è®°å½•ç‰¹åˆ«ä¸å‹å–„ï¼Œæ‰‹ç¯æ€»æ˜¯æ‰¾ä¸åˆ°å…¥å£ï¼Œåƒåœ¾,text,related,https://itunes.apple.com/cn/review?id=952694580&type=Purple%20Software,0,Application,ç¨‹åº,0
https://itunes.apple.com/cn/reviews/id557179166,hsujeson,,2022-11-07T15:34:39-07:00,1,7.38.0,9266154341,å¤ªè‡ƒè‚¿äº†,å¤ªè‡ƒè‚¿äº†ï¼éƒ½åˆ°äº†500+Mï¼Œæ²¡æœ‰å¿…è¦æ•´ä¹±ä¸ƒå…«ç³Ÿçš„åŠŸèƒ½ï¼ç®€ç®€å•å•ä¸å¥½å—ğŸ‘,text,related,https://itunes.apple.com/cn/review?id=952694580&type=Purple%20Software,0,Application,ç¨‹åº,0
https://itunes.apple.com/cn/reviews/id1278259093,æ–¤æ–¤è®¡è¾ƒå·¨å¤§,,2022-11-07T07:50:48-07:00,1,7.38.0,9265099829,è¿›ä¸å»,è¿›ä¸å»,text,related,https://itunes.apple.com/cn/review?id=952694580&type=Purple%20Software,0,Application,ç¨‹åº,0
https://itunes.apple.com/cn/reviews/id452567433,æˆ‘æ˜¯å¯ä»¥çš„è½¯ä»¶,,2022-11-07T06:49:52-07:00,1,7.38.0,9264926743,Apple Watch 2 ä¸èƒ½å®‰è£…keepæ‰‹è¡¨app,æˆ‘çš„Apple Watch 2çš„watch os ç‰ˆæœ¬åªèƒ½æ›´æ–°åˆ°watch6.3 è€Œkeepè¦æ±‚çš„æœ€ä½ç‰ˆæœ¬æ˜¯watch os 7.0è¿™æ ·æˆ‘ä»¬watch2çš„ç”¨æˆ·å°±éƒ½ç”¨ä¸äº†å•Šï¼ï¼ï¼ä¸ºä»€ä¹ˆè¦è¿™ä¹ˆæ›´æ–°å‘¢ï¼Œå’•å’šä¹Ÿæ²¡æœ‰è¿™æ ·å•Šï¼Œä¸è¦æ±‚watch os ç‰ˆæœ¬çš„å•Šã€‚,text,related,https://itunes.apple.com/cn/review?id=952694580&type=Purple%20Software,0,Application,ç¨‹åº,0
https://itunes.apple.com/cn/reviews/id1465320355,dcyqwert,,2022-11-07T05:05:45-07:00,1,7.38.0,9264622744,åƒåœ¾,ä»€ä¹ˆä¸œè¥¿è¶Šæ”¹è¶Šåƒåœ¾ï¼Œä¹‹å‰é¡µé¢è¿˜æ¸…æ¸…æ¥šæ¥šï¼Œç°åœ¨èŠ±é‡Œèƒ¡å“¨ï¼Œæˆ‘éƒ½ä¸ç”¨äº†ï¼Œæ¯ä¸ªæœˆè¿˜æ‰£æˆ‘ä¼šå‘˜,text,related,https://itunes.apple.com/cn/review?id=952694580&type=Purple%20Software,0,Application,ç¨‹åº,0
https://itunes.apple.com/cn/reviews/id1465310814,è¶…çº§æ— æ•Œå®‡å®™æš´é¾™ç¥,,2022-11-07T04:30:39-07:00,1,7.38.0,9264521657,åƒåœ¾,ä»Šå¤©å¿ƒæƒ…ä¸å¥½ç»™ä¸ªå·®è¯„,text,related,https://itunes.apple.com/cn/review?id=952694580&type=Purple%20Software,0,Application,ç¨‹åº,0
https://itunes.apple.com/cn/reviews/id500879926,å›ä¸´å¤©ä¸‹â˜†,,2022-11-06T04:30:51-07:00,1,7.38.0,9261102623,7.37å¼€å§‹ä¸èƒ½æŠ•å±ï¼Œè¶Šæ›´æ–°è¶Šçƒ‚ï¼Œå……äº†ä¼šå‘˜è¿˜éƒ½æ˜¯å¹¿å‘Šï¼Œå–å•†å“ï¼Œå–è¯¾ç¨‹,7.37å¼€å§‹ä¸èƒ½æŠ•å±ï¼Œè¶Šæ›´æ–°è¶Šçƒ‚ï¼Œå……äº†ä¼šå‘˜è¿˜éƒ½æ˜¯å¹¿å‘Šï¼Œå–å•†å“ï¼Œå–è¯¾ç¨‹,text,related,https://itunes.apple.com/cn/review?id=952694580&type=Purple%20Software,0,Application,ç¨‹åº,0
https://itunes.apple.com/cn/reviews/id549061600,GaLAXYZJX,,2022-11-06T01:17:07-07:00,1,7.38.0,9260463403,è¿˜ä¸å¦‚ä¸æ›´æ–°,ä»€ä¹ˆä¸œè¥¿ï¼Ÿæ›´æ–°ä»¥åApple Watchä¸Šçš„keepåœ¨è·‘æ­¥æœºä¸Šè·‘æ­¥å°±ä¸èƒ½è®¡ç®—è·‘æ­¥è·ç¦»ï¼Ÿåœ¨è·‘æ­¥æœºä¸Šè·‘äº†ä¸€å…¬é‡Œè¿˜æ˜¯æ˜¾ç¤º0ï¼Ÿkeepçš„ç¨‹åºå‘˜æ˜¯ä¸æ˜¯å¤šå°‘æ²¾ç‚¹ï¼Ÿï¼Ÿï¼Ÿç›´æ¥å¸è½½æ‹œæ‹œ,text,related,https://itunes.apple.com/cn/review?id=952694580&type=Purple%20Software,0,Application,ç¨‹åº,0
https://itunes.apple.com/cn/reviews/id644992017,çˆ±å¥‡è‰ºæ—©é¥­,,2022-11-05T21:48:53-07:00,1,7.38.0,9260028539,æ–°ç‰ˆçš„ä¸èƒ½åŒæ­¥åˆ°è‹¹æœå¥åº·äº†,ä¸Šé¢æ˜¾ç¤ºæ¶ˆè€—907åƒå¡ï¼Œè‹¹æœå¥åº·æ²¡æ•°æ®ï¼Œè¿˜æ˜¯å‡ å¡,text,related,https://itunes.apple.com/cn/review?id=952694580&type=Purple%20Software,0,Application,ç¨‹åº,0
https://itunes.apple.com/cn/reviews/id1375056738,ç²¾çµæ—…ç¤¾æˆ‘,,2022-11-05T20:38:10-07:00,1,7.38.0,9259876666,è½¯ä»¶æ²¡ååº”,ç‚¹ä¸åŠ¨,text,related,https://itunes.apple.com/cn/review?id=952694580&type=Purple%20Software,0,Application,ç¨‹åº,0
https://itunes.apple.com/cn/reviews/id1142175165,æ€ä¹ˆæ˜µç§°éƒ½TMæœ‰äººç”¨,,2022-11-05T19:53:43-07:00,1,7.38.0,9259772995,æ— æ³•è¿æ¥ç½‘ç»œ,è®¾ç½®ä¸­å…è®¸ä½¿ç”¨æµé‡å’ŒWi-Fiï¼Œè½¯ä»¶é‡Œæ— æ³•è”ç½‘,text,related,https://itunes.apple.com/cn/review?id=952694580&type=Purple%20Software,0,Application,ç¨‹åº,0
https://itunes.apple.com/cn/reviews/id1158054912,æ‰§ä¼é’è¡£è¢–0613,,2022-11-05T19:13:46-07:00,1,7.38.0,9259677938,è®¹äººçš„è½¯ä»¶ï¼Œä¸è¦ç›¸ä¿¡ï¼Œå°¤å…¶æ˜¯ä¸è¦ä¹°ä¸œè¥¿ï¼,è®¹äººï¼Œè¯ˆéª—,text,related,https://itunes.apple.com/cn/review?id=952694580&type=Purple%20Software,0,Application,ç¨‹åº,0
https://itunes.apple.com/cn/reviews/id671468485,lkjhgbnn,,2022-11-05T18:34:43-07:00,1,7.38.0,9259585395,keepåº”ç”¨æ³¨å†Œç™»å½•é¡µé¢è§¦å±å¤±çµ,è‹¹æœ11ï¼Œios16.1åœ¨æ‰‹æœºå·ç æ³¨å†Œkeppï¼Œè¾“å®ŒéªŒè¯ç ä¹‹åï¼Œå¡«å†™èº«é«˜é¡µé¢ï¼Œä¸èƒ½ç‚¹å‡»ç¡®è®¤ï¼Œåœ¨é€‰æ‹©é”»ç‚¼å¤©æ•°é¡µé¢ä¸èƒ½è¿›è¡Œä¸‹ä¸€æ­¥ï¼Œä¸èƒ½ç‚¹å‡»ä¸‹ä¸€æ­¥,text,related,https://itunes.apple.com/cn/review?id=952694580&type=Purple%20Software,0,Application,ç¨‹åº,0
https://itunes.apple.com/cn/reviews/id513471015,sample2222,,2022-11-05T09:43:59-07:00,1,7.38.0,9258291295,å¤„å¤„è¦ä¼šå‘˜ï¼Œç›´æ¥ä¸‹è½½appä»˜è´¹å§ï¼,å¥½ä¹…æ²¡ç”¨keepï¼Œä»Šå¤©æ‰“å¼€ï¼Œéšä¾¿ä¸€ä¸ªè®­ç»ƒéƒ½è¦ä¼šå‘˜ï¼Œä½ å¹²è„†ä¹Ÿåˆ«å…è´¹ä¸‹è½½å•¦ï¼Œç›´æ¥ä¸‹è½½ä»˜è´¹å§ï¼å‡å€¼éƒ¨åˆ†è¦ä¼šå‘˜éƒ½èƒ½ç†è§£ï¼Œå¤„å¤„ä¼šå‘˜é™åˆ¶ï¼Œæœ‰äº†ä¼šå‘˜è¿˜è¦ä»˜è´¹ï¼æˆ‘ï¼ä¸ï¼ç†ï¼è§£ï¼,text,related,https://itunes.apple.com/cn/review?id=952694580&type=Purple%20Software,0,Application,ç¨‹åº,0
https://itunes.apple.com/cn/reviews/id1026380692,å¾ˆè¿‡åˆ†çš„å‡¤çˆª,,2022-11-05T09:07:01-07:00,1,7.38.0,9258177073,ä¸€æ˜Ÿéƒ½ä¸æƒ³ç»™,"å·²å¸è½½â€¦â€¦
ä¸€ä¸ªè¿åŠ¨appï¼ŒåŠŸèƒ½æ··ä¹±ï¼Œæ¨é”€å•†åœºå çš„æ¯”é‡è¶…è¿‡80%ï¼Œäº§å“ç»ç†ä½ è§‰å¾—åˆé€‚å—ï¼Ÿæ ¸å¿ƒåŠŸèƒ½å…¥å£å¾ˆä¸æ˜¾çœ¼ï¼Œä½ ä»¬æ˜¯è¦è½¬å‹åšç”µå•†äº†å—ï¼Ÿ",text,related,https://itunes.apple.com/cn/review?id=952694580&type=Purple%20Software,0,Application,ç¨‹åº,0
https://itunes.apple.com/cn/reviews/id414583650,ç»´å¤šå…‹æ¬¢ç¥,,2022-11-04T21:25:58-07:00,1,7.38.0,9256314161,æ™šä¸Šåå°å·è·‘ éŸ³é¢‘ ä¸çŸ¥é“åœ¨å¹²å•¥ è·‘äº†ä¸€æ™šä¸Š çœŸåƒåœ¾,rt,text,related,https://itunes.apple.com/cn/review?id=952694580&type=Purple%20Software,0,Application,ç¨‹åº,0
https://itunes.apple.com/cn/reviews/id1464503400,Keep hvrtiifdtyuik fduin,,2022-11-04T19:37:12-07:00,1,7.38.0,9256069548,ä¸å–œæ¬¢çš„è½¯ä»¶,æ— è¯­ åƒåœ¾ è°é—²çš„æ²¡äº‹ä¼šèŠ±é’±ä¹°ä¸ªè™šæ‹Ÿå¥–ç‰Œå‘€ å¥—è·¯ åœˆé’± å¼„çš„é’±å–‚ğŸ¶äº†,text,related,https://itunes.apple.com/cn/review?id=952694580&type=Purple%20Software,0,Application,ç¨‹åº,0
https://itunes.apple.com/cn/reviews/id211286590,ï¼›ï¼ˆ7ï¼‰78ã€Œï¼ˆ4ï¼š,,2022-11-04T16:08:08-07:00,5,7.38.0,9255580439,æŠ•å±,æŠ•å±æ²¡æœ‰åŸæ¥å¥½ç”¨ğŸ˜­ğŸ˜­ğŸ˜­,text,related,https://itunes.apple.com/cn/review?id=952694580&type=Purple%20Software,0,Application,ç¨‹åº,0
https://itunes.apple.com/cn/reviews/id1197826819,hahahajsjsjsjjs,,2022-11-04T03:19:03-07:00,1,7.38.0,9253518660,ç‚¹ä¸åŠ¨,åˆšä¸‹è½½å°±ç‚¹ä¸åŠ¨,text,related,https://itunes.apple.com/cn/review?id=952694580&type=Purple%20Software,0,Application,ç¨‹åº,0
https://itunes.apple.com/cn/reviews/id494970939,æ˜¯è°ç”¨æˆ‘çš„æ˜µç§°,,2022-11-03T20:29:01-07:00,1,7.38.0,9252693537,ä¸ºäº†å–ä½ å®¶ä½“é‡ç§¤ï¼Œè„¸éƒ½ä¸è¦äº†ï¼Ÿ,"ä¸ºäº†å–ä½ å®¶ä½“é‡ç§¤ï¼Œè„¸éƒ½ä¸è¦äº†ï¼Ÿæ˜æ˜å†™ç€å¯ä»¥è¯»å–å’ŒåŒæ­¥è‹¹æœå¥åº·é‡Œçš„ä½“é‡æ•°æ®ï¼Œå®ƒå°±æ˜¯ä¸€åªä¸åŒæ­¥ã€‚
æ˜æ˜å†™ç€è·Ÿåä¸ºå¥åº·appå…³è”ï¼Œå®ƒå°±æ˜¯ä¸åŒæ­¥ä½“é‡æ•°æ®ã€‚
ä½“é‡è¿˜å¾—æˆ‘è‡ªå·±å¤©å¤©å¡«å†™ï¼Ÿçœ‹ç€ä½“é‡ä¸åŒæ­¥ï¼Œä¸€ä¸ªä½“é‡ç§¤å¹¿å‘Šå¤©å¤©æé‚£æ˜¾æ‘†ã€‚æ¶å¿ƒç”¨æˆ·å‘¢ï¼Ÿ",text,related,https://itunes.apple.com/cn/review?id=952694580&type=Purple%20Software,0,Application,ç¨‹åº,0
https://itunes.apple.com/cn/reviews/id814268215,è™šåº¦çš„å­¤ç‹¬æ„Ÿå¤åˆå‹,,2022-11-03T20:03:38-07:00,5,7.38.0,9252642786,å¥½ç”¨,å¥½ç”¨äº”æ˜Ÿå¥½è¯„,text,related,https://itunes.apple.com/cn/review?id=952694580&type=Purple%20Software,0,Application,ç¨‹åº,0
